,Gender,Married,Dependents,Education,Self_Employed,LoanAmount,Credit_History,Property_Area,Loan_Status,LoanAmount_log,Total_Income,Total_Income_log,EMI,EMI_log,Balance Income,Balance_Income_log
0,0,0,0,1,0,128.0,1.0,2,1,4.852030263919617,5849.0,8.674025985443025,12.5568,2.5302623515087976,4593.32,8.432358353137706
1,0,1,1,1,0,128.0,1.0,0,0,4.852030263919617,6091.0,8.714567550836485,12.5568,2.5302623515087976,4835.32,8.483702589771783
2,0,1,0,1,1,66.0,1.0,2,1,4.189654742026425,3000.0,8.006367567650246,6.4746,1.867886829615606,2352.54,7.76325087450308
3,0,1,0,0,0,120.0,1.0,2,1,4.787491742782046,4941.0,8.50532301884575,11.772,2.4657238303712266,3763.8,8.233184364330752
4,0,0,0,1,0,141.0,1.0,2,1,4.948759890378168,6000.0,8.699514748210191,13.8321,2.6269919779673487,4616.79,8.437454937391985
5,0,1,2,1,1,267.0,1.0,2,1,5.58724865840025,9613.0,9.170871628065816,26.1927,3.26548074598943,6993.73,8.852769312359989
6,0,1,0,0,0,95.0,1.0,2,1,4.553876891600541,3849.0,8.255568653283746,9.3195,2.232108979189721,2917.05,7.978328110619001
7,0,1,3,1,0,158.0,0.0,1,0,5.062595033026967,5540.0,8.61974977974133,15.4998,2.740827120616147,3990.02,8.291551522402674
8,0,1,2,1,0,168.0,1.0,2,1,5.123963979403259,5532.0,8.61830469278465,16.4808,2.802196066992439,3883.92,8.26460023187674
9,0,1,1,1,0,349.0,1.0,1,0,5.855071922202427,23809.0,10.077818939438902,34.2369,3.5333040097916073,20385.31,9.922569822397964
10,0,1,2,1,0,70.0,1.0,2,1,4.248495242049359,3900.0,8.268731832117737,6.867000000000001,1.9267273296385394,3213.3,8.075053725438694
11,0,1,2,1,0,109.0,1.0,2,1,4.6913478822291435,4340.0,8.375629627094451,10.692900000000002,2.369579969818324,3270.71,8.092762365705259
12,0,1,2,1,0,200.0,1.0,2,1,5.298317366548036,11179.0,9.321792297270326,19.62,2.976549454137217,9217.0,9.128804883993665
13,0,0,0,1,0,114.0,1.0,0,0,4.736198448394496,4693.0,8.453827315794417,11.1834,2.414430535983676,3574.66,8.181625345710247
14,0,1,2,1,0,17.0,1.0,2,1,2.833213344056216,2385.0,7.776954403322442,1.6677000000000002,0.5114454316453966,2218.23,7.7044648595584935
15,0,0,0,1,0,125.0,1.0,2,1,4.8283137373023015,4950.0,8.507142855562735,12.262500000000001,2.5065458248914814,3723.75,8.222486504027492
16,0,0,1,0,0,100.0,1.0,2,1,4.605170185988092,3596.0,8.18757739559151,9.810000000000002,2.283402273577272,2615.0,7.869019376499023
17,1,0,0,1,0,76.0,0.0,2,0,4.330733340286331,3510.0,8.163371316459912,7.4556000000000004,2.0089654278755114,2764.44,7.924593361798562
18,0,1,0,0,0,133.0,1.0,0,0,4.890349128221754,4887.0,8.494333897270154,13.047299999999998,2.568581215810934,3582.2700000000004,8.183751956664384
19,0,1,0,1,0,115.0,1.0,2,1,4.74493212836325,6100.0,8.716044050161402,11.2815,2.4231642159524305,4971.85,8.511547283229412
20,0,1,0,0,0,104.0,0.0,2,0,4.6443908991413725,7660.0,8.943767262734637,10.202399999999999,2.322622986730553,6639.76,8.800831097238936
21,0,1,1,1,0,315.0,1.0,2,1,5.752572638825633,11580.0,9.357034751126987,30.901500000000002,3.4308047264148134,8489.85,9.046626611304792
22,0,1,0,0,0,116.0,0.0,1,0,4.7535901911063645,4511.0,8.414274137408396,11.3796,2.431822278695545,3373.04,8.123569693870671
23,0,1,2,0,0,112.0,0.0,0,0,4.718498871295094,5282.0,8.572060092857077,10.987200000000001,2.396730958884275,4183.28,8.338850906806567
24,0,1,1,1,0,151.0,1.0,1,0,5.017279836814924,6642.0,8.801168401936692,14.8131,2.6955119244041046,5160.6900000000005,8.548825570465995
25,0,1,0,1,1,191.0,1.0,1,1,5.25227342804663,9560.0,9.165343006045447,18.737099999999998,2.93050551563581,7686.29,8.947193501352366
26,0,1,0,1,0,122.0,1.0,1,1,4.804021044733257,5052.0,8.527539483470381,11.968200000000003,2.482253132322437,3855.1799999999994,8.257172977514367
27,0,1,2,0,0,110.0,1.0,2,1,4.700480365792417,5266.0,8.569026340056254,10.791000000000002,2.378712453381597,4186.9,8.339715882285159
28,0,0,0,0,0,35.0,1.0,2,0,3.5553480614894135,1442.0,7.273786317844895,3.4335000000000004,1.2335801490785943,1098.65,7.001837432343276
29,1,0,2,1,0,120.0,1.0,1,1,4.787491742782046,5833.0,8.671286726753637,11.772,2.4657238303712266,4655.8,8.445869033162207
30,0,1,1,1,0,201.0,1.0,2,0,5.303304908059076,7535.0,8.927314111060596,19.7181,2.981536995648256,5563.1900000000005,8.623926963725378
31,0,0,0,1,0,74.0,1.0,2,0,4.30406509320417,3167.0,8.06054004653864,7.2594,1.98229718079335,2441.06,7.800187650181002
32,0,0,1,1,1,106.0,1.0,0,0,4.663439094112067,4692.0,8.453614209773367,10.3986,2.3416711817012477,3652.1400000000003,8.203068576138904
33,0,1,0,1,0,114.0,1.0,1,1,4.736198448394496,5167.0,8.550047528287184,11.1834,2.414430535983676,4048.66,8.30614124115542
34,0,0,3,1,0,320.0,1.0,0,0,5.768320995793772,15500.0,9.648595302907339,31.392,3.4465530833829527,12360.8,9.422285453836208
35,0,1,0,1,0,128.0,1.0,2,1,4.852030263919617,4342.0,8.376090350438238,12.5568,2.5302623515087976,3086.3199999999997,8.034734721649642
36,0,1,0,1,0,100.0,0.0,2,0,4.605170185988092,3158.0,8.057694194815587,9.81,2.2834022735772717,2177.0,7.685703061234547
37,1,1,0,1,0,144.0,1.0,1,1,4.969813299576001,5126.0,8.542080906924017,14.1264,2.648045387165181,3713.3599999999997,8.219692406115925
38,0,0,0,1,0,184.0,1.0,2,1,5.214935757608986,11376.0,9.339261152043022,18.0504,2.893167845198166,9570.96,9.166488792895564
39,0,0,0,0,0,110.0,1.0,1,1,4.700480365792417,5416.0,8.59711281459211,10.791000000000002,2.378712453381597,4336.9,8.374915086156582
40,0,0,0,1,0,80.0,1.0,2,0,4.382026634673881,3600.0,8.1886891244442,7.848,2.060258722263062,2815.2,7.942788586007375
41,0,0,0,1,0,47.0,1.0,2,1,3.8501476017100584,3013.0,8.0106915391303,4.6107,1.528379689299239,2551.9300000000003,7.844605214621401
42,0,1,0,1,0,75.0,1.0,2,1,4.31748811353631,2400.0,7.783224016336037,7.3575,1.9957202011254909,1664.25,7.417129850480813
43,0,1,0,1,0,134.0,1.0,1,1,4.897839799950911,6277.0,8.744647438317532,13.145399999999999,2.5760718875400914,4962.46,8.50965686450956
44,0,1,0,0,1,96.0,1.0,2,1,4.564348191467836,4695.0,8.454253391642363,9.4176,2.2425802790570164,3753.24,8.230374745931307
45,1,0,0,1,0,88.0,1.0,2,1,4.477336814478207,3410.0,8.134467570277563,8.6328,2.1555689020673867,2546.7200000000003,7.842561535681544
46,0,1,1,1,0,44.0,1.0,2,1,3.784189633918261,5649.0,8.639233817325263,4.3164,1.4624217215074415,5217.36,8.559746805817033
47,0,1,0,1,0,144.0,1.0,2,1,4.969813299576001,5821.0,8.669227347271736,14.1264,2.648045387165181,4408.36,8.391258017189433
48,1,1,0,1,0,120.0,0.0,2,0,4.787491742782046,6085.0,8.713582005421628,11.772,2.4657238303712266,4907.8,8.498581055204255
49,1,0,0,1,0,144.0,1.0,1,1,4.969813299576001,6275.0,8.744328763999984,14.1264,2.648045387165181,4862.36,8.489279195738431
50,1,1,0,0,0,100.0,1.0,1,1,4.605170185988092,3572.0,8.18088094199639,9.81,2.2834022735772717,2591.0,7.85979918056211
51,1,0,0,1,0,120.0,1.0,1,1,4.787491742782046,3086.0,8.034631032923107,11.772,2.4657238303712266,1908.8,7.5542300513436516
52,1,0,0,1,0,112.0,1.0,1,0,4.718498871295094,4230.0,8.349957272040324,10.987200000000001,2.396730958884275,3131.2799999999997,8.049197145625602
53,0,1,2,1,0,134.0,1.0,2,0,4.897839799950911,4616.0,8.437283808187935,13.145399999999999,2.5760718875400914,3301.46,8.102120073856248
54,1,1,1,1,1,286.0,0.0,2,0,5.655991810819852,11500.0,9.350102314351341,28.0566,3.334223898409033,8694.34,9.070427518214473
55,0,1,2,1,0,97.0,1.0,1,1,4.574710978503383,3875.0,8.262300941787448,9.5157,2.252943066092563,2923.43,7.980512863426209
56,0,1,0,1,0,96.0,1.0,1,1,4.564348191467836,3723.0,8.222285073872717,9.4176,2.2425802790570164,2781.24,7.9306521504024685
57,0,1,0,1,0,135.0,1.0,0,0,4.90527477843843,5566.0,8.624431942085836,13.243500000000001,2.58350686602761,4241.65,8.35270762346981
58,0,1,1,1,0,180.0,1.0,2,1,5.19295685089021,10330.0,9.242807562113684,17.658,2.8711889384793907,8564.2,9.05534600300998
59,0,1,2,0,0,144.0,1.0,2,1,4.969813299576001,6216.0,8.734881892047483,14.1264,2.648045387165181,4803.36,8.477070952010255
60,0,1,0,1,0,120.0,1.0,2,1,4.787491742782046,6296.0,8.74766979009724,11.772,2.4657238303712266,5118.8,8.54067531556344
61,0,1,3,1,0,99.0,1.0,2,1,4.59511985013459,3029.0,8.015987811027237,9.711900000000002,2.2733519377237705,2057.81,7.629397589488654
62,0,1,0,0,1,165.0,0.0,0,0,5.10594547390058,6058.0,8.709134991587183,16.1865,2.784177561489761,4439.35,8.398263248312876
63,0,1,1,1,0,128.0,0.0,0,0,4.852030263919617,4945.0,8.506132244056813,12.5568,2.5302623515087976,3689.3199999999997,8.21319743820977
64,1,0,0,1,0,116.0,0.0,1,0,4.7535901911063645,4166.0,8.334711621820917,11.3796,2.431822278695545,3028.04,8.015670824509717
65,0,1,0,1,0,258.0,1.0,1,0,5.552959584921617,10321.0,9.241935933565934,25.3098,3.2311916725107976,7790.02,8.960598706255594
66,0,0,0,0,0,126.0,0.0,2,0,4.836281906951478,5454.0,8.604104563405533,12.3606,2.5145139945406583,4217.9400000000005,8.34710213618648
67,0,1,1,1,0,312.0,1.0,2,1,5.7430031878094825,10750.0,9.28266103355581,30.6072,3.421235275398663,7689.280000000001,8.94758243002788
68,0,1,3,0,1,125.0,1.0,2,1,4.8283137373023015,7100.0,8.867850063029406,12.262500000000001,2.5065458248914814,5873.75,8.678248550417026
69,1,0,0,1,0,136.0,0.0,1,0,4.912654885736052,4300.0,8.366370301681654,13.3416,2.590886973325232,2965.84,7.994915576536134
70,0,1,0,1,0,172.0,1.0,2,1,5.147494476813453,6274.0,8.744169388750624,16.873199999999997,2.825726564402633,4586.68,8.430911729791744
71,0,1,2,0,1,97.0,1.0,1,1,4.574710978503383,3750.0,8.229511118964457,9.5157,2.252943066092563,2798.43,7.936813824618538
72,0,0,0,1,0,81.0,1.0,1,1,4.394449154672439,3500.0,8.160518247477505,7.946100000000001,2.0726812422616194,2705.39,7.90300135833718
73,0,1,3,0,0,95.0,0.0,1,0,4.553876891600541,4755.0,8.46695197497949,9.3195,2.232108979189721,3823.05,8.248803812344866
74,0,1,3,1,1,187.0,1.0,1,1,5.231108616854587,7040.0,8.859363449152088,18.3447,2.909340704443767,5205.53,8.557476801033346
75,0,0,0,1,0,113.0,1.0,2,0,4.727387818712341,3750.0,8.229511118964457,11.085300000000002,2.405619906301521,2641.47,7.879090859356459
76,0,0,0,1,0,176.0,1.0,2,0,5.170483995038151,8500.0,9.047821442478408,17.2656,2.848716082627332,6773.4400000000005,8.820764360931806
77,0,1,1,1,1,110.0,1.0,2,0,4.700480365792417,4022.0,8.299534570332597,10.791000000000002,2.378712453381597,2942.8999999999996,7.987150768723114
78,0,1,3,1,0,180.0,0.0,1,0,5.19295685089021,7167.0,8.877242435993919,17.658,2.8711889384793907,5401.2,8.594376430086887
79,0,1,3,0,1,130.0,1.0,1,1,4.867534450455582,5499.0,8.612321536507814,12.753,2.545766538044763,4223.7,8.348466800136592
80,1,0,0,1,0,111.0,1.0,1,1,4.709530201312334,3846.0,8.254788926148725,10.889100000000001,2.3877622889015147,2757.09,7.921931054669442
81,0,1,1,1,1,128.0,1.0,1,1,4.852030263919617,2395.0,7.781138509845015,12.5568,2.5302623515087976,1139.32,7.038186872188803
82,1,1,2,1,0,167.0,1.0,2,0,5.117993812416755,3259.0,8.089175678837561,16.3827,2.7962259000059353,1620.73,7.390631944012902
83,0,1,0,1,0,265.0,1.0,1,0,5.579729825986222,8250.0,9.017968479328726,25.996499999999997,3.2579619135754023,5650.35,8.639472769124511
84,0,1,1,1,0,50.0,1.0,2,1,3.912023005428146,3988.0,8.291045131081729,4.905000000000001,1.5902550930173267,3497.5,8.159803706539636
85,0,0,0,1,0,136.0,1.0,1,1,4.912654885736052,4897.0,8.496378051702317,13.3416,2.590886973325232,3562.84,8.178313258619424
86,0,1,2,0,0,99.0,1.0,1,1,4.59511985013459,5333.0,8.581669210600602,9.711900000000002,2.2733519377237705,4361.8099999999995,8.38064238781198
87,0,1,0,1,0,104.0,1.0,1,1,4.6443908991413725,4618.0,8.43771698991444,10.202399999999999,2.322622986730553,3597.76,8.188066708561395
88,0,0,0,1,0,210.0,1.0,2,1,5.3471075307174685,8566.0,9.055556158175316,20.601,3.0253396183066488,6505.9,8.780464736487872
89,0,1,0,1,0,175.0,1.0,1,1,5.1647859739235145,9862.0,9.196444266784072,17.1675,2.8430180615126943,8145.25,9.005190214242207
90,0,1,0,1,0,131.0,1.0,1,1,4.875197323201151,5858.0,8.675563527387679,12.851099999999999,2.553429410790332,4572.89,8.42790066913739
91,0,1,2,1,0,188.0,1.0,1,1,5.236441962829949,11904.0,9.384629757072872,18.4428,2.9146740504191295,10059.720000000001,9.216294610264397
92,0,1,2,0,0,81.0,1.0,2,1,4.394449154672439,5093.0,8.535622326884605,7.946100000000001,2.0726812422616194,4298.389999999999,8.365995812964856
93,0,0,0,1,0,122.0,1.0,1,1,4.804021044733257,4133.0,8.326758814511733,11.968200000000003,2.482253132322437,2936.1799999999994,7.984864695757061
94,0,0,0,0,0,25.0,1.0,1,1,3.2188758248682006,3620.0,8.194229304819817,2.4525,0.8971079124573812,3374.75,8.124076526488937
95,0,0,0,1,0,128.0,1.0,2,0,4.852030263919617,6782.0,8.822027322685583,12.5568,2.5302623515087976,5526.32,8.61727741187769
96,1,1,0,1,0,137.0,1.0,1,1,4.919980925828125,4786.0,8.47345026846832,13.4397,2.5982130134173054,3442.0299999999997,8.143816692596372
97,0,1,0,1,0,50.0,1.0,1,1,3.912023005428146,2974.0,7.9976631270201,4.905,1.5902550930173265,2483.5,7.817424134547405
98,0,1,0,0,0,115.0,1.0,1,1,4.74493212836325,4188.0,8.339978571990427,11.281500000000001,2.4231642159524305,3059.85,8.026121174137083
99,0,1,0,1,0,131.0,1.0,1,1,4.875197323201151,5300.0,8.575462099540212,12.851099999999999,2.553429410790332,4014.8900000000003,8.297765228745277
100,0,1,2,0,0,133.0,1.0,2,1,4.890349128221754,7551.0,8.929435283803425,13.047299999999998,2.568581215810934,6246.27,8.739739764574441
101,0,0,0,1,0,151.0,1.0,1,1,5.017279836814924,8649.0,9.065198986306513,14.8131,2.6955119244041046,7167.6900000000005,8.877338705951697
102,0,1,0,1,0,128.0,1.0,2,1,4.852030263919617,13650.0,9.521494800613105,12.5568,2.5302623515087976,12394.32,9.4249935821334
103,0,1,0,1,0,128.0,1.0,1,1,4.852030263919617,8235.0,9.016148642611741,12.5568,2.5302623515087976,6979.32,8.850706769807227
104,0,1,0,1,0,160.0,1.0,2,1,5.075173815233827,4570.0,8.42726848388825,15.696,2.7534059028230073,3000.4,8.006500892095481
105,0,1,1,1,0,100.0,1.0,2,1,4.605170185988092,4082.0,8.31434234336979,9.81,2.2834022735772717,3101.0,8.03947991910045
106,0,1,2,1,0,225.0,1.0,2,1,5.41610040220442,12543.0,9.436918020024674,22.0725,3.0943324897936004,10335.75,9.243364038423364
107,0,0,0,0,0,120.0,1.0,0,0,4.787491742782046,7333.0,8.9001399880938,11.772,2.4657238303712266,6155.8,8.725150005802023
108,0,1,2,1,0,216.0,0.0,2,0,5.375278407684165,7400.0,8.909235279192261,21.1896,3.053510495273345,5281.04,8.571878327001293
109,0,1,3,0,0,94.0,1.0,1,1,4.543294782270004,2825.0,7.946263643580541,9.221400000000001,2.221526869859184,1902.86,7.551113296539441
110,0,0,0,1,0,136.0,1.0,2,1,4.912654885736052,5316.0,8.578476419833136,13.3416,2.590886973325232,3981.84,8.28949930300321
111,1,1,0,1,0,139.0,1.0,1,1,4.9344739331306915,5262.0,8.568266461600238,13.6359,2.6127060207198722,3898.41,8.268324056680942
112,0,1,0,0,0,152.0,0.0,0,0,5.0238805208462765,7686.0,8.94715577112479,14.911200000000001,2.7021126084354568,6194.88,8.731478423415584
113,1,0,1,1,1,128.0,1.0,1,1,4.852030263919617,7451.0,8.916103530553727,12.5568,2.5302623515087976,6195.32,8.731549447289321
114,0,0,0,1,0,118.0,1.0,1,1,4.770684624465665,5050.0,8.527143522269405,11.5758,2.448916712054845,3892.42,8.2667863511527
115,0,1,1,1,0,185.0,1.0,0,1,5.220355825078324,14583.0,9.587611745713565,18.1485,2.898587912667505,12768.15,9.454709067740882
116,1,1,0,1,0,154.0,1.0,1,1,5.0369526024136295,5450.0,8.60337088765729,15.1074,2.7151846900028094,3939.26,8.278748167393227
117,0,1,1,1,0,85.0,1.0,2,1,4.442651256490317,3612.0,8.192016914536875,8.3385,2.120883344079497,2778.15,7.92954051753692
118,0,1,0,1,0,175.0,1.0,0,0,5.1647859739235145,7710.0,8.950273466557375,17.1675,2.8430180615126943,5993.25,8.698389114922682
119,1,0,0,1,0,259.0,1.0,2,1,5.556828061699537,10408.0,9.250330020192342,25.4079,3.235060149288718,7867.21,8.970458767757131
120,0,1,0,1,0,180.0,1.0,0,1,5.19295685089021,8334.0,9.0280988119824,17.658,2.8711889384793907,6568.2,8.789995101338567
121,1,0,0,1,0,44.0,1.0,1,1,3.784189633918261,4166.0,8.334711621820917,4.3164,1.4624217215074415,3734.36,8.225331730809508
122,1,0,0,1,0,137.0,0.0,1,1,4.919980925828125,11117.0,9.316230747233615,13.4397,2.5982130134173054,9773.03,9.1873818300159
123,0,1,2,1,0,81.0,1.0,1,1,4.394449154672439,2957.0,7.9919305198524775,7.946100000000001,2.0726812422616194,2162.39,7.678969370460239
124,0,1,0,0,0,194.0,1.0,0,1,5.267858159063328,6314.0,8.750524669117937,19.0314,2.9460902466525085,4410.86,8.39182496076652
125,1,0,0,1,0,93.0,1.0,0,1,4.532599493153256,3692.0,8.213923595622743,9.1233,2.210831580742436,2779.67,7.930087494602711
126,0,1,3,1,0,370.0,1.0,0,1,5.91350300563827,23803.0,10.077566902136047,36.297,3.5917350932274505,20173.3,9.912115226886485
127,0,0,0,1,0,128.0,1.0,0,1,4.852030263919617,5505.0,8.61341204915678,12.5568,2.5302623515087976,4249.32,8.354514249117097
128,0,1,1,1,1,160.0,0.0,2,0,5.075173815233827,14363.0,9.572410734431823,15.695999999999998,2.7534059028230073,12793.4,9.456684691927425
129,0,1,0,1,0,182.0,1.0,0,0,5.204006687076795,8649.0,9.065198986306513,17.8542,2.8822387746659754,6863.58,8.833984450484497
130,0,0,0,1,1,650.0,1.0,2,1,6.476972362889683,20166.0,9.91175329695316,63.765,4.155204450478863,13789.5,9.531662711971919
131,0,0,0,1,0,74.0,1.0,2,1,4.30406509320417,3943.0,8.279697133877628,7.2594,1.98229718079335,3217.06,8.076223177982104
132,0,0,0,1,0,70.0,1.0,1,1,4.248495242049359,2718.0,7.907651594711089,6.867000000000001,1.9267273296385394,2031.3,7.616431261159709
133,0,1,0,1,1,25.0,1.0,1,1,3.2188758248682006,3459.0,8.148734808937169,2.4525,0.8971079124573812,3213.75,8.075193758580099
134,0,0,0,1,0,102.0,1.0,1,1,4.624972813284271,4895.0,8.49596955496461,10.0062,2.3032049008734514,3894.38,8.267289767200728
135,0,1,3,1,0,290.0,1.0,1,0,5.66988092298052,11750.0,9.371608519572305,28.448999999999998,3.3481130105697,8905.1,9.094379425306975
136,1,1,0,1,0,84.0,1.0,0,0,4.430816798843313,4583.0,8.430109084509125,8.2404,2.1090488864324937,3758.96,8.2318976023796
137,0,1,2,1,1,88.0,1.0,2,1,4.477336814478207,6816.0,8.827028068509152,8.6328,2.1555689020673867,5952.72,8.691603536938857
138,0,0,0,1,0,242.0,0.0,1,0,5.488937726156687,14999.0,9.61573881119536,23.7402,3.1671698137458666,12624.98,9.44343266998389
139,0,1,2,0,0,129.0,1.0,0,0,4.859812404361672,5630.0,8.635864721133736,12.6549,2.5380444919508522,4364.51,8.381261205385977
140,0,1,2,1,0,185.0,1.0,0,0,5.220355825078324,7125.0,8.871365005136852,18.1485,2.898587912667505,5310.15,8.577375362424572
141,0,0,0,1,0,168.0,1.0,2,1,5.123963979403259,5417.0,8.597297435657898,16.4808,2.802196066992439,3768.92,8.23454376725253
142,0,0,0,1,1,175.0,1.0,1,1,5.1647859739235145,6950.0,8.846496938558838,17.1675,2.8430180615126943,5233.25,8.562787778974629
143,0,1,0,1,0,122.0,1.0,1,1,4.804021044733257,4732.0,8.462103225098277,11.968200000000003,2.482253132322437,3535.1799999999994,8.170519496411977
144,0,1,2,1,0,187.0,1.0,2,1,5.231108616854587,11757.0,9.372204086867741,18.3447,2.909340704443767,9922.53,9.202563208084245
145,1,1,0,1,0,100.0,1.0,1,1,4.605170185988092,6816.0,8.827028068509152,9.81,2.2834022735772717,5835.0,8.671629544720656
146,1,1,2,1,0,70.0,1.0,2,1,4.248495242049359,14866.0,9.60683200528524,6.867000000000001,1.9267273296385394,14179.3,9.559538433564368
147,0,1,1,1,0,30.0,1.0,2,1,3.4011973816621555,2963.0,7.993957547573565,2.943,1.0794294692513358,2668.7,7.889346741438428
148,1,0,0,1,0,225.0,1.0,0,0,5.41610040220442,11666.0,9.364433907313582,22.0725,3.0943324897936004,9458.75,9.154695518008731
149,0,1,0,1,0,125.0,1.0,1,1,4.8283137373023015,5690.0,8.646465527120377,12.262500000000001,2.5065458248914814,4463.75,8.403744498908658
150,0,0,0,1,0,118.0,0.0,0,0,4.770684624465665,6277.0,8.744647438317532,11.5758,2.448916712054845,5119.42,8.540796430366749
151,0,1,0,1,1,152.0,1.0,0,1,5.0238805208462765,6327.0,8.752581469146884,14.911200000000001,2.7021126084354568,4835.88,8.483818397531032
152,0,0,0,1,0,244.0,1.0,2,0,5.497168225293202,9166.0,9.123256265069069,23.936400000000006,3.1754003128823824,6772.359999999999,8.82060490191096
153,0,1,2,0,0,113.0,1.0,0,0,4.727387818712341,2281.0,7.732369222284388,11.0853,2.405619906301521,1172.47,7.066867913639154
154,0,0,0,1,0,50.0,1.0,2,1,3.912023005428146,3254.0,8.087640287778983,4.905,1.5902550930173265,2763.5,7.924253271273318
155,0,1,3,1,0,600.0,0.0,1,1,6.396929655216146,39999.0,10.596609732783568,58.86000000000001,4.075161742805327,34113.0,10.437433822292833
156,0,1,1,1,0,160.0,1.0,0,1,5.075173815233827,6000.0,8.699514748210191,15.696,2.7534059028230073,4430.4,8.396245152416697
157,0,1,1,1,0,187.0,1.0,2,1,5.231108616854587,9538.0,9.16303909885817,18.3447,2.909340704443767,7703.53,8.94943394434799
158,0,0,0,1,0,120.0,1.0,0,1,4.787491742782046,5063.0,8.529714471969909,11.772,2.4657238303712266,3885.8,8.265084161809012
159,0,1,0,1,0,255.0,1.0,1,1,5.541263545158426,10208.0,9.23092700558457,25.015500000000003,3.2194956327476065,7706.45,8.949812919536141
160,0,1,0,0,0,98.0,1.0,1,1,4.584967478670572,2904.0,7.973844375944687,9.6138,2.263199566259752,1942.62,7.571792856395517
161,0,1,0,1,0,275.0,1.0,2,0,5.616771097666572,7933.0,8.978786553302003,26.9775,3.2950031852557515,5235.25,8.56316987765626
162,0,1,1,1,0,121.0,0.0,1,0,4.795790545596741,4369.0,8.382289428951436,11.8701,2.4740226331859216,3181.99,8.065262066215233
163,0,1,2,1,0,158.0,1.0,0,1,5.062595033026967,5614.0,8.633018756921828,15.4998,2.740827120616147,4064.02,8.309927910506051
164,0,1,0,1,0,75.0,1.0,2,1,4.31748811353631,9323.0,9.140239744296693,7.357500000000001,1.9957202011254909,8587.25,9.058033824025326
165,0,1,0,1,0,182.0,1.0,0,1,5.204006687076795,6873.0,8.835355971121606,17.8542,2.8822387746659754,5087.58,8.53455755444294
166,1,1,0,1,0,112.0,1.0,0,0,4.718498871295094,4583.0,8.430109084509125,10.987200000000001,2.396730958884275,3484.2799999999997,8.156016702136908
167,0,1,0,1,0,129.0,1.0,0,1,4.859812404361672,5772.0,8.660773919893762,12.6549,2.5380444919508522,4506.51,8.413278297010978
168,0,0,0,1,0,63.0,0.0,1,0,4.143134726391533,2237.0,7.71289096149013,6.180300000000001,1.821366813980713,1618.9699999999998,7.3895454235491895
169,0,1,2,1,0,200.0,1.0,1,1,5.298317366548036,8000.0,8.987196820661973,19.62,2.976549454137217,6038.0,8.705828110266784
170,0,1,0,0,0,95.0,1.0,0,1,4.553876891600541,3589.0,8.185628891147607,9.3195,2.232108979189721,2657.05,7.884971763798786
171,0,1,3,1,0,700.0,1.0,2,1,6.551080335043404,51763.0,10.854430887309706,68.67,4.229312422632585,44896.0,10.712103982902187
172,0,1,3,0,0,81.0,1.0,0,0,4.394449154672439,3522.0,8.166784289056151,7.9461,2.072681242261619,2727.39,7.911100386921448
173,0,1,0,1,0,187.0,1.0,1,1,5.231108616854587,11333.0,9.335474102732949,18.3447,2.909340704443767,9498.53,9.158892328773547
174,0,1,0,0,1,87.0,1.0,1,0,4.465908118654584,5080.0,8.533066540572527,8.5347,2.144140206243764,4226.53,8.349136604415481
175,0,1,0,1,0,116.0,1.0,0,1,4.7535901911063645,5461.0,8.605387202152153,11.3796,2.431822278695545,4323.04,8.371714137458504
176,0,1,2,1,0,101.0,1.0,0,1,4.61512051684126,3664.0,8.20631072579402,9.908100000000001,2.29335260443044,2673.19,7.891027794794963
177,0,1,3,1,0,495.0,0.0,1,0,6.20455776256869,16816.0,9.730086093116732,48.5595,3.8827898501578706,11960.05,9.38932720809789
178,0,1,1,1,0,116.0,1.0,1,1,4.7535901911063645,3750.0,8.229511118964457,11.3796,2.431822278695545,2612.04,7.867886804214746
179,0,0,0,0,0,102.0,0.0,2,0,4.624972813284271,3784.0,8.238536930171769,10.0062,2.3032049008734514,2783.38,7.931421295503302
180,0,1,1,1,0,180.0,0.0,2,0,5.19295685089021,13650.0,9.521494800613105,17.658,2.8711889384793907,11884.2,9.382965065791273
181,0,0,0,1,0,67.0,1.0,0,0,4.204692619390966,6979.0,8.850660919017152,6.572699999999999,1.8829247069801462,6321.73,8.751748183859753
182,0,1,0,1,0,73.0,1.0,1,1,4.290459441148391,4600.0,8.433811582477187,7.1613,1.9686915287375715,3883.87,8.264587358202245
183,0,1,1,1,0,260.0,1.0,1,0,5.560681631015528,33846.0,10.429576102968031,25.506,3.238913718604708,31295.4,10.351226400871623
184,1,1,0,1,0,108.0,1.0,1,1,4.68213122712422,3625.0,8.195609567288775,10.5948,2.3603633147133998,2565.52,7.849916466102949
185,0,1,0,1,1,120.0,1.0,1,1,4.787491742782046,43897.0,10.689601259598334,11.772,2.4657238303712266,42719.8,10.662417791975178
186,0,1,1,1,1,66.0,0.0,0,0,4.189654742026425,2178.0,7.686162303492906,6.474600000000001,1.867886829615606,1530.54,7.333375893293866
187,0,1,0,1,0,58.0,1.0,0,1,4.060443010546419,4521.0,8.416488487294606,5.6898,1.7386750981355996,3952.02,8.281982119583699
188,0,1,0,1,1,168.0,1.0,0,1,5.123963979403259,5970.0,8.694502206386648,16.4808,2.802196066992439,4321.92,8.371455026946423
189,0,1,0,1,0,188.0,1.0,0,1,5.236441962829949,9328.0,9.140775908590273,18.4428,2.9146740504191295,7483.72,8.920485273546042
190,0,0,0,0,0,48.0,1.0,0,1,3.871201010907891,4885.0,8.493924564476883,4.7088,1.5494330984970712,4414.12,8.392563772672789
191,0,0,0,1,0,164.0,1.0,1,0,5.099866427824199,12000.0,9.392661928770137,16.0884,2.7780985154133786,10391.16,9.248710723674625
192,0,1,0,0,0,160.0,1.0,2,0,5.075173815233827,6033.0,8.704999678440762,15.696,2.7534059028230073,4463.4,8.40366608642535
193,0,0,0,1,0,76.0,1.0,1,1,4.330733340286331,3858.0,8.257904193465674,7.4556000000000004,2.0089654278755114,3112.44,8.043162263478724
194,0,0,0,1,0,120.0,1.0,0,1,4.787491742782046,4191.0,8.340694647925071,11.772,2.4657238303712266,3013.8,8.010957019984055
195,0,1,1,1,0,170.0,1.0,1,0,5.135798437050262,5708.0,8.649623978596727,16.677,2.814030524639442,4040.3,8.304074225623992
196,0,0,0,1,0,187.0,1.0,0,1,5.231108616854587,12083.0,9.399554785027307,18.3447,2.909340704443767,10248.53,9.234889559647545
197,1,0,0,0,0,120.0,1.0,2,1,4.787491742782046,4272.0,8.35983738064003,11.772,2.4657238303712266,3094.8,8.0374785626753
198,1,1,0,1,0,113.0,1.0,1,1,4.727387818712341,6232.0,8.737452587550584,11.0853,2.405619906301521,5123.47,8.541587222850326
199,0,0,0,1,1,83.0,1.0,2,0,4.418840607796598,11000.0,9.305650551780507,8.1423,2.097072695385778,10185.77,9.228746927177836
200,0,1,1,0,0,90.0,1.0,1,1,4.499809670330265,5100.0,8.536995818712418,8.829,2.1780417579194453,4217.1,8.34690296700583
201,0,0,2,1,0,166.0,0.0,1,1,5.111987788356544,4923.0,8.5016733797582,16.2846,2.7902198759457235,3294.54,8.100021831728036
202,0,1,3,0,0,128.0,1.0,2,0,4.852030263919617,3992.0,8.292047637431354,12.556799999999999,2.5302623515087976,2736.32,7.914369230967591
203,0,1,1,0,0,135.0,1.0,2,1,4.90527477843843,4583.0,8.430109084509125,13.243500000000001,2.58350686602761,3258.6499999999996,8.089068278163902
204,0,1,2,0,0,124.0,1.0,1,1,4.820281565605037,3917.0,8.27308133366583,12.164400000000002,2.4985136531942174,2700.5599999999995,7.901214437893885
205,1,0,0,0,0,120.0,1.0,1,1,4.787491742782046,4408.0,8.391176350832751,11.772,2.4657238303712266,3230.8,8.08048506356814
206,1,0,0,1,0,80.0,1.0,2,1,4.382026634673881,3244.0,8.084562415235304,7.848,2.060258722263062,2459.2,7.807591372784331
207,0,0,0,0,0,55.0,1.0,0,1,4.007333185232471,6506.0,8.780480107033297,5.395500000000001,1.6855652728216515,5966.45,8.693907389652248
208,0,0,0,1,0,59.0,1.0,2,1,4.07753744390572,2479.0,7.8156105320351905,5.7879,1.7557695314948998,1900.21,7.549719685362738
209,0,0,0,1,0,127.0,1.0,1,0,4.844187086458591,3418.0,8.136810863675537,12.4587,2.5224191740477715,2172.13,7.683463531933077
210,1,0,0,1,0,214.0,1.0,1,0,5.365976015021851,10000.0,9.210340371976184,20.9934,3.044208102611032,7900.66,8.97470157926928
211,0,1,3,1,0,128.0,0.0,1,0,4.852030263919617,4680.0,8.451053388911692,12.5568,2.5302623515087976,3424.3199999999997,8.138658190838637
212,0,1,1,1,1,240.0,1.0,2,1,5.480638923341991,7787.0,8.960210955576986,23.544,3.1588710109311715,5432.6,8.600173119692412
213,0,1,3,0,1,130.0,1.0,0,1,4.867534450455582,5703.0,8.648747631156539,12.753,2.545766538044763,4427.7,8.39563554085584
214,0,1,0,1,0,137.0,1.0,2,1,4.919980925828125,6194.0,8.731336360533149,13.4397,2.5982130134173054,4850.03,8.48674016947941
215,0,1,3,0,0,100.0,1.0,1,1,4.605170185988092,4833.0,8.483222671845084,9.81,2.2834022735772717,3852.0,8.256347772918016
216,0,1,0,1,0,135.0,1.0,0,0,4.90527477843843,1950.0,7.575584651557793,13.243500000000001,2.58350686602761,625.6499999999999,6.4387911093110635
217,0,1,0,1,0,131.0,1.0,1,1,4.875197323201151,5502.0,8.61286694148452,12.851099999999999,2.553429410790332,4216.89,8.346853168511869
218,0,1,2,1,0,72.0,0.0,1,0,4.276666119016055,5000.0,8.517193191416238,7.0632,1.9548982066052356,4293.68,8.36489945307212
219,1,1,2,1,0,127.0,1.0,1,1,4.844187086458591,6666.0,8.804775258867686,12.4587,2.5224191740477715,5420.13,8.597875079385902
220,0,1,0,1,0,60.0,0.0,2,0,4.0943445622221,2221.0,7.7057128238944275,5.886,1.7725766498112812,1632.4,7.3978066035316505
221,0,1,2,1,0,116.0,1.0,1,1,4.7535901911063645,5726.0,8.65277248565806,11.3796,2.431822278695545,4588.04,8.431208196607072
222,0,0,0,1,0,144.0,1.0,1,1,4.969813299576001,5762.0,8.659039915644474,14.1264,2.648045387165181,4349.36,8.377783986821791
223,0,1,0,1,0,175.0,1.0,1,1,5.1647859739235145,8588.0,9.058121158998672,17.1675,2.8430180615126943,6871.25,8.83510131917487
224,0,1,0,1,0,128.0,1.0,1,1,4.852030263919617,6250.0,8.740336742730447,12.5568,2.5302623515087976,4994.32,8.516056545679152
225,0,1,0,1,0,170.0,1.0,0,0,5.135798437050262,3250.0,8.086410275323782,16.677,2.814030524639442,1582.3,7.366634763724938
226,0,1,0,0,1,138.0,1.0,2,0,4.927253685157205,4735.0,8.462737005620179,13.537799999999999,2.605485772746385,3381.2200000000003,8.125991870097021
227,0,1,2,1,0,210.0,1.0,1,1,5.3471075307174685,7945.0,8.980298078970817,20.601,3.0253396183066488,5884.9,8.680145027196565
228,0,1,0,1,0,158.0,1.0,1,1,5.062595033026967,4758.0,8.467582690862903,15.499800000000002,2.740827120616147,3208.0199999999995,8.073409203380937
229,0,0,0,1,1,200.0,1.0,0,1,5.298317366548036,6400.0,8.764053269347762,19.62,2.976549454137217,4438.0,8.39795910349254
230,0,1,1,1,0,104.0,1.0,1,1,4.6443908991413725,4545.0,8.421783006611578,10.202399999999999,2.322622986730553,3524.76,8.16756762782209
231,0,1,0,1,0,42.0,1.0,0,1,3.7376696182833684,3716.0,8.22040309993373,4.1202,1.4159017058725485,3303.98,8.102883081353783
232,0,0,0,0,0,120.0,1.0,0,1,4.787491742782046,5787.0,8.663369301573839,11.772,2.4657238303712266,4609.8,8.435939751101644
233,1,0,0,1,0,280.0,1.0,1,1,5.634789603169249,8333.0,9.027978814382207,27.468000000000004,3.31302169075843,5586.2,8.628054549659383
234,0,1,1,1,0,140.0,1.0,1,1,4.941642422609304,4934.0,8.503905297089302,13.734000000000002,2.6198745101984846,3560.6,8.177684348970763
235,0,1,1,1,0,170.0,1.0,0,1,5.135798437050262,6760.0,8.81877816903701,16.677,2.814030524639442,5092.3,8.535484873888404
236,0,1,0,1,0,255.0,1.0,2,0,5.541263545158426,5746.0,8.656259239539235,25.015500000000003,3.2194956327476065,3244.45,8.084701123247454
237,1,0,0,1,1,122.0,1.0,2,1,4.804021044733257,3463.0,8.149890544402423,11.968200000000003,2.482253132322437,2266.1799999999994,7.725850873561128
238,1,0,1,1,0,112.0,1.0,0,1,4.718498871295094,3812.0,8.245909264774093,10.987200000000001,2.396730958884275,2713.2799999999997,7.905913514115638
239,0,1,1,1,0,96.0,1.0,1,1,4.564348191467836,3315.0,8.106212902619962,9.4176,2.2425802790570164,2373.24,7.772011389121934
240,0,1,2,1,0,120.0,1.0,0,1,4.787491742782046,10819.0,9.289059126687574,11.772,2.4657238303712266,9641.8,9.173863092165911
241,0,1,1,0,0,140.0,1.0,2,0,4.941642422609304,4493.0,8.41027590907016,13.734000000000002,2.6198745101984846,3119.6,8.045460067456343
242,0,0,0,1,0,155.0,1.0,2,1,5.043425116919247,8666.0,9.067162602299854,15.2055,2.721657204508427,7145.45,8.87423106948641
243,0,1,2,1,1,108.0,1.0,0,1,4.68213122712422,7550.0,8.92930284224307,10.5948,2.3603633147133998,6490.52,8.778097929755003
244,0,1,0,0,0,123.0,1.0,1,1,4.812184355372417,7823.0,8.96482339168508,12.066300000000002,2.490416442961598,6616.37,8.79730216017001
245,0,0,0,1,1,120.0,1.0,2,0,4.787491742782046,10383.0,9.247925132303454,11.771999999999998,2.465723830371226,9205.8,9.127588999179215
246,0,1,2,1,0,112.0,1.0,2,1,4.718498871295094,9703.0,9.1801903950253,10.987200000000001,2.396730958884275,8604.279999999999,9.060015032861363
247,0,1,1,0,0,137.0,1.0,2,1,4.919980925828125,6608.0,8.796036315200814,13.4397,2.5982130134173054,5264.03,8.568652172077059
248,0,1,1,1,0,123.0,1.0,1,1,4.812184355372417,4725.0,8.460622839927844,12.066300000000002,2.490416442961598,3518.37,8.165753093161143
249,0,1,0,1,0,90.0,1.0,2,1,4.499809670330265,3677.0,8.209852481301272,8.829,2.1780417579194453,2794.1,7.935265330157098
250,0,1,0,0,0,201.0,0.0,1,0,5.303304908059076,5558.0,8.62299361030245,19.7181,2.981536995648256,3586.19,8.184845636587475
251,1,0,2,1,0,138.0,1.0,2,0,4.927253685157205,3427.0,8.139440521874608,13.537799999999999,2.605485772746385,2073.2200000000003,7.636858233191652
252,0,0,0,0,1,104.0,1.0,0,1,4.6443908991413725,4750.0,8.465899897028686,10.202399999999999,2.322622986730553,3729.76,8.224099167404212
253,0,1,1,0,0,279.0,1.0,1,1,5.631211781821365,9762.0,9.186252576447092,27.369899999999998,3.3094438694105457,7025.01,8.857231917688479
254,0,0,0,1,1,192.0,0.0,2,0,5.2574953720277815,16250.0,9.695848187757884,18.8352,2.935727459616962,14366.48,9.572652994299876
255,1,0,3,1,0,255.0,1.0,0,1,5.541263545158426,3083.0,8.03365842788615,25.015500000000003,3.2194956327476065,581.4499999999998,6.365524983739052
256,0,0,0,0,0,115.0,0.0,0,0,4.74493212836325,6045.0,8.706986763048892,11.2815,2.4231642159524305,4916.85,8.500423360540264
257,0,1,3,1,0,94.0,1.0,2,0,4.543294782270004,5250.0,8.565983355585669,9.2214,2.221526869859184,4327.860000000001,8.372828472498504
258,0,1,0,1,0,304.0,1.0,0,0,5.717027701406222,16783.0,9.72812174830818,29.822400000000002,3.395259788995402,13800.76,9.532478942092633
259,0,1,3,0,0,128.0,1.0,1,0,4.852030263919617,4931.0,8.503297086224126,12.5568,2.5302623515087976,3675.3199999999997,8.209395482686077
260,0,1,1,1,0,330.0,1.0,2,1,5.799092654460526,10333.0,9.243097936214355,32.373000000000005,3.4773247420497064,7095.699999999999,8.867244245756357
261,0,0,0,1,0,134.0,1.0,1,1,4.897839799950911,4269.0,8.359134886757962,13.145399999999999,2.5760718875400914,2954.46,7.991071172024255
262,1,0,1,1,0,155.0,1.0,1,0,5.043425116919247,3481.0,8.15507488781144,15.205499999999999,2.721657204508427,1960.45,7.580929317709125
263,1,0,0,1,0,120.0,1.0,0,1,4.787491742782046,7200.0,8.881836305004146,11.772,2.4657238303712266,6022.8,8.703307546448888
264,0,0,0,1,1,128.0,1.0,1,1,4.852030263919617,5166.0,8.549853973655786,12.5568,2.5302623515087976,3910.3199999999997,8.27137449106281
265,0,0,0,1,0,151.0,1.0,0,1,5.017279836814924,7542.0,8.928242677818302,14.8131,2.6955119244041046,6060.6900000000005,8.709578933967784
266,0,1,2,1,0,150.0,1.0,1,1,5.0106352940962555,6095.0,8.715224041915372,14.715,2.6888673816854363,4623.5,8.438907273017694
267,0,1,3,1,0,160.0,0.0,2,1,5.075173815233827,6144.0,8.723231274827508,15.696,2.7534059028230073,4574.4,8.428230821568047
268,1,0,0,1,0,135.0,1.0,0,0,4.90527477843843,3418.0,8.136810863675537,13.243500000000001,2.58350686602761,2093.6499999999996,7.646664233238744
269,1,0,1,1,0,90.0,1.0,2,1,4.499809670330265,4436.0,8.397508348470257,8.829,2.1780417579194453,3553.1,8.175575740854342
270,1,0,0,1,0,30.0,1.0,2,1,3.4011973816621555,3237.0,8.082402253926244,2.943,1.0794294692513358,2942.7,7.987082806238379
271,0,1,0,1,0,136.0,1.0,2,1,4.912654885736052,11146.0,9.318835968129482,13.3416,2.590886973325232,9811.84,9.191345098682035
272,0,0,0,1,0,126.0,1.0,0,1,4.836281906951478,4690.0,8.453187861440325,12.360600000000002,2.5145139945406583,3453.9399999999996,8.147270887391876
273,0,1,0,1,0,150.0,1.0,1,1,5.0106352940962555,4843.0,8.48528964240323,14.715,2.6888673816854363,3371.5,8.123113028174636
274,0,1,2,1,0,90.0,1.0,1,1,4.499809670330265,3900.0,8.268731832117737,8.829,2.1780417579194453,3017.1,8.012051384118545
275,0,1,1,1,0,115.0,1.0,1,1,4.74493212836325,4592.0,8.432070937999402,11.2815,2.4231642159524305,3463.8500000000004,8.150135966204328
276,0,1,0,1,0,207.0,1.0,1,1,5.332718793265369,7267.0,8.891098830616636,20.3067,3.0109508808545495,5236.33,8.56337615025387
277,0,1,0,1,0,80.0,1.0,2,1,4.382026634673881,4403.0,8.390041405755754,7.848,2.060258722263062,3618.2,8.19373194358716
278,0,1,0,1,0,436.0,1.0,1,1,6.077642243349034,14583.0,9.587611745713565,42.77160000000001,3.755874330938215,10305.84,9.240466003830727
279,1,1,0,0,0,124.0,1.0,0,1,4.820281565605037,4100.0,8.318742252692399,12.164400000000002,2.4985136531942174,2883.5599999999995,7.96678092088476
280,0,0,1,0,1,158.0,0.0,2,0,5.062595033026967,6479.0,8.776321456449958,15.4998,2.740827120616147,4929.02,8.502895464315325
281,0,1,0,1,0,112.0,1.0,1,1,4.718498871295094,4727.0,8.461046030793236,10.987200000000001,2.396730958884275,3628.2799999999997,8.196513985765266
282,0,1,2,1,0,78.0,1.0,2,1,4.356708826689592,3286.7999878,8.097669722345216,7.6518,2.034940914278772,2521.6199878,7.832656826266028
283,1,0,0,1,0,54.0,1.0,2,1,3.9889840465642745,3477.0,8.153925132007862,5.2974,1.6672161341534546,2947.26,7.988631204159949
284,0,1,0,1,0,128.0,1.0,0,0,4.852030263919617,20667.0,9.936293504261306,12.5568,2.5302623515087976,19411.32,9.87361168003312
285,0,0,0,1,0,89.0,1.0,0,1,4.48863636973214,6211.0,8.734077192559303,8.7309,2.1668684573213204,5337.91,8.58258946957505
286,1,0,0,1,1,99.0,1.0,1,0,4.59511985013459,4317.0,8.370315995555478,9.711900000000002,2.2733519377237705,3345.81,8.11546409571452
287,0,1,0,1,0,120.0,1.0,0,1,4.787491742782046,5704.0,8.648922962094131,11.772,2.4657238303712266,4526.8,8.417770567091786
288,1,0,0,1,0,115.0,1.0,1,1,4.74493212836325,4124.0,8.32457884513685,11.2815,2.4231642159524305,2995.8500000000004,8.004983276628055
289,0,0,0,1,0,187.0,1.0,0,1,5.231108616854587,9508.0,9.159888828480085,18.3447,2.909340704443767,7673.53,8.945532023166379
290,0,1,0,1,0,139.0,1.0,0,1,4.9344739331306915,5491.0,8.610865667278873,13.6359,2.6127060207198722,4127.41,8.325405370589865
291,0,1,2,1,0,127.0,0.0,1,0,4.844187086458591,4400.0,8.389359819906353,12.4587,2.5224191740477715,3154.13,8.056467984175152
292,0,1,2,1,0,134.0,1.0,2,1,4.897839799950911,4713.0,8.45807992692373,13.145399999999999,2.5760718875400914,3398.46,8.131077666818943
293,1,0,0,1,0,143.0,0.0,2,0,4.962844630259907,5417.0,8.597297435657898,14.028300000000002,2.6410767178490877,4014.17,8.297585880228281
294,0,1,0,1,0,172.0,1.0,1,1,5.147494476813453,5717.0,8.651199471263972,16.873199999999997,2.825726564402633,4029.6800000000003,8.301442247321527
295,0,1,3,1,0,110.0,1.0,2,1,4.700480365792417,5666.0,8.642238680390461,10.791000000000002,2.378712453381597,4586.9,8.430959693618307
296,0,1,1,1,0,200.0,1.0,1,1,5.298317366548036,6875.0,8.835646922534773,19.62,2.976549454137217,4913.0,8.499640032168648
297,1,1,1,1,0,135.0,1.0,2,1,4.90527477843843,4666.0,8.448057452581375,13.243500000000001,2.58350686602761,3341.6499999999996,8.114219975963051
298,1,0,0,1,0,151.0,1.0,0,0,5.017279836814924,7541.0,8.928110078202646,14.813100000000002,2.695511924404105,6059.69,8.709413922639381
299,0,1,1,1,0,113.0,1.0,2,0,4.727387818712341,4939.0,8.504918160540624,11.0853,2.405619906301521,3830.4700000000003,8.250742790050472
300,0,1,0,0,0,93.0,0.0,2,0,4.532599493153256,4734.0,8.46252579007393,9.1233,2.210831580742436,3821.67,8.248442778843314
301,0,1,0,0,0,105.0,1.0,1,1,4.653960350157523,4625.0,8.439231649946526,10.3005,2.332192437746704,3594.95,8.187285361852586
302,1,0,0,1,0,132.0,1.0,0,1,4.882801922586371,5000.0,8.517193191416238,12.9492,2.5610340101755513,3705.08,8.217460129939719
303,0,1,1,1,0,96.0,1.0,2,1,4.564348191467836,3428.0,8.13973227971767,9.4176,2.2425802790570164,2486.24,7.818526808038424
304,0,0,0,1,0,140.0,1.0,0,1,4.941642422609304,6500.0,8.779557455883728,13.734000000000002,2.6198745101984846,5126.6,8.542197950405804
305,0,0,0,0,0,128.0,1.0,2,0,4.852030263919617,2000.0,7.600902459542082,12.5568,2.5302623515087976,744.3199999999999,6.612471049890245
306,1,0,0,1,0,135.0,1.0,0,1,4.90527477843843,5428.0,8.59932602095476,13.243500000000001,2.58350686602761,4103.65,8.319632100562762
307,1,0,0,1,0,104.0,0.0,2,0,4.6443908991413725,4263.0,8.35772841676521,10.202399999999999,2.322622986730553,3242.76,8.084180098018356
308,0,0,0,1,0,480.0,1.0,0,0,6.173786103901937,20233.0,9.915070213779195,47.088,3.852018191491117,15524.2,9.650155375683314
309,0,1,2,0,0,185.0,1.0,0,1,5.220355825078324,7667.0,8.944680683558895,18.1485,2.898587912667505,5852.15,8.674564394073988
310,1,0,0,1,0,84.0,1.0,1,1,4.430816798843313,2917.0,7.978310969867722,8.2404,2.1090488864324937,2092.96,7.646334610939917
311,0,0,0,0,0,111.0,1.0,1,1,4.709530201312334,5332.0,8.5814816812986,10.889100000000001,2.3877622889015147,4243.09,8.353047056384389
312,1,0,0,1,0,56.0,1.0,0,1,4.02535169073515,2507.0,7.826842098158293,5.493600000000001,1.7035837783243297,1957.6399999999999,7.579494945103197
313,0,1,2,1,1,144.0,1.0,0,1,4.969813299576001,5746.0,8.656259239539235,14.126400000000002,2.648045387165181,4333.36,8.374098501602782
314,0,1,0,1,0,159.0,1.0,0,0,5.0689042022202315,4316.0,8.370084326378025,15.597900000000001,2.747136289809412,2756.21,7.921611826618194
315,0,1,1,0,0,111.0,1.0,2,1,4.709530201312334,5039.0,8.524962928680598,10.889100000000001,2.3877622889015147,3950.09,8.281493642445724
316,0,1,2,1,0,120.0,1.0,1,1,4.787491742782046,3717.0,8.220672170297252,11.772,2.4657238303712266,2539.8,7.839840616754933
317,0,1,0,1,0,88.0,1.0,2,1,4.477336814478207,4192.0,8.340933226000878,8.6328,2.1555689020673867,3328.7200000000003,8.110343124695492
318,1,0,1,1,0,112.0,1.0,1,1,4.718498871295094,3541.0,8.172164452111904,10.987200000000001,2.396730958884275,2442.2799999999997,7.800687308212342
319,0,1,1,1,1,155.0,1.0,0,0,5.043425116919247,10000.0,9.210340371976184,15.205499999999999,2.721657204508427,8479.45,9.04540086819198
320,0,1,0,1,0,115.0,1.0,1,1,4.74493212836325,4567.0,8.426611813185,11.2815,2.4231642159524305,3438.8500000000004,8.142892392150383
321,0,1,3,1,0,124.0,1.0,1,1,4.820281565605037,4531.0,8.418697944667139,12.164400000000002,2.4985136531942174,3314.5599999999995,8.106080163795472
322,0,1,2,0,0,128.0,1.0,0,1,4.852030263919617,5191.0,8.55468163582723,12.5568,2.5302623515087976,3935.3199999999997,8.277747479019043
323,1,0,0,1,0,132.0,1.0,0,1,4.882801922586371,6151.0,8.724369949208368,12.9492,2.5610340101755513,4856.08,8.48798680706821
324,0,1,3,1,0,300.0,1.0,0,1,5.703782474656201,15000.0,9.615805480084347,29.43,3.382014562245381,12057.0,9.397400683117311
325,0,1,1,1,1,376.0,0.0,0,0,5.929589143389895,13649.0,9.521421537856195,36.8856,3.607821230979075,9960.44,9.20637652630971
326,0,0,0,1,0,130.0,0.0,0,1,4.867534450455582,4917.0,8.50045386741194,12.753,2.545766538044763,3641.7,8.200205884571867
327,0,1,0,1,1,184.0,1.0,1,1,5.214935757608986,7978.0,8.984443032465352,18.0504,2.893167845198166,6172.96,8.727933742541378
328,1,1,0,1,0,110.0,1.0,2,0,4.700480365792417,6784.0,8.822322177471738,10.791000000000002,2.378712453381597,5704.9,8.649080733658764
329,1,0,0,1,0,67.0,1.0,2,1,4.204692619390966,2500.0,7.824046010856292,6.572699999999999,1.8829247069801462,1842.73,7.519003446666313
330,0,0,1,1,0,117.0,1.0,2,1,4.762173934797756,6177.0,8.728587995695898,11.477699999999999,2.440406022386936,5029.23,8.52302216986468
331,0,0,0,1,0,98.0,1.0,1,1,4.584967478670572,2935.0,7.984462732262196,9.6138,2.263199566259752,1973.62,7.587624698929508
332,0,0,0,1,0,71.0,1.0,2,1,4.2626798770413155,2833.0,7.949091499830517,6.9651000000000005,1.9409119646304958,2136.49,7.66691957452082
333,0,1,0,1,0,490.0,1.0,2,1,6.194405391104672,63337.0,11.05622495553552,48.069,3.8726374786938527,58530.1,10.97729643080935
334,0,1,1,1,1,182.0,1.0,2,1,5.204006687076795,11666.0,9.364433907313582,17.8542,2.8822387746659754,9880.58,9.198326493472315
335,0,1,0,1,1,70.0,1.0,1,1,4.248495242049359,9993.0,9.209640126861789,6.867000000000001,1.9267273296385394,9306.3,9.138446869151265
336,0,1,1,1,0,160.0,1.0,0,1,5.075173815233827,5938.0,8.689127655323706,15.696,2.7534059028230073,4368.4,8.382152088323574
337,0,1,2,1,1,176.0,1.0,0,1,5.170483995038151,7100.0,8.867850063029406,17.2656,2.848716082627332,5373.4400000000005,8.589223578312104
338,1,0,3,0,0,128.0,0.0,2,0,4.852030263919617,1830.0,7.512071245835466,12.5568,2.5302623515087976,574.3199999999999,6.353186732268227
339,1,0,0,1,0,71.0,1.0,1,1,4.2626798770413155,4160.0,8.333270353255308,6.9651000000000005,1.9409119646304958,3463.49,8.150032030205713
340,0,1,3,0,0,173.0,1.0,0,0,5.153291594497779,4234.0,8.350902451694811,16.9713,2.831523682086959,2536.87,7.83868631666242
341,1,0,0,1,0,46.0,1.0,0,0,3.828641396489095,2378.0,7.774015077250727,4.5126,1.5068734840782754,1926.74,7.5635847345577005
342,0,1,1,0,0,158.0,1.0,2,1,5.062595033026967,5783.0,8.662677858158219,15.4998,2.740827120616147,4233.02,8.350670965291242
343,0,1,3,0,0,74.0,1.0,1,1,4.30406509320417,3173.0,8.062432791583195,7.2594,1.98229718079335,2447.06,7.802642582962254
344,0,1,2,1,0,125.0,1.0,0,1,4.8283137373023015,4913.0,8.499640032168648,12.262500000000001,2.5065458248914814,3686.75,8.21250059013105
345,0,1,0,1,0,160.0,1.0,1,1,5.075173815233827,4957.0,8.508555998020574,15.696,2.7534059028230073,3387.4,8.127817944457021
346,0,1,0,0,0,152.0,0.0,0,0,5.0238805208462765,6753.0,8.817742129574842,14.911200000000001,2.7021126084354568,5261.88,8.568243656323096
347,0,1,2,0,0,126.0,1.0,2,1,4.836281906951478,5251.0,8.566173813637858,12.360600000000002,2.5145139945406583,4014.9399999999996,8.29777768230905
348,0,1,0,1,0,259.0,1.0,1,1,5.556828061699537,10916.0,9.29798488182823,25.4079,3.235060149288718,8375.21,9.033031431005769
349,0,1,0,1,0,187.0,1.0,0,1,5.231108616854587,8875.0,9.090993614343617,18.3447,2.909340704443767,7040.53,8.859438730409293
350,0,1,0,1,0,228.0,1.0,1,1,5.429345628954441,9083.0,9.114159813502214,22.3668,3.1075777165436214,6846.32,8.831466560621157
351,0,0,0,1,0,308.0,1.0,0,0,5.730099782973574,12917.0,9.466299552232016,30.2148,3.4083318705627548,9895.52,9.199837408449705
352,0,1,3,1,0,95.0,1.0,0,1,4.553876891600541,4749.0,8.465689348549121,9.3195,2.232108979189721,3817.05,8.247233151952074
353,1,1,0,1,1,105.0,0.0,0,0,4.653960350157523,5500.0,8.612503371220562,10.3005,2.332192437746704,4469.95,8.405132501862727
354,1,1,0,1,0,130.0,1.0,1,1,4.867534450455582,2928.0,7.982074875081202,12.753,2.545766538044763,1652.7,7.410165593146781
355,1,0,0,1,0,116.0,1.0,2,1,4.7535901911063645,3813.0,8.246171559857563,11.3796,2.431822278695545,2675.04,7.891719612489336
356,0,1,2,1,0,165.0,1.0,0,1,5.10594547390058,11500.0,9.350102314351341,16.186500000000002,2.784177561489761,9881.35,9.198404421083676
357,0,1,1,1,0,67.0,1.0,2,0,4.204692619390966,3875.0,8.262300941787448,6.572699999999999,1.8829247069801462,3217.73,8.076431420986902
358,0,1,0,0,0,100.0,0.0,2,0,4.605170185988092,4666.0,8.448057452581375,9.81,2.2834022735772717,3685.0,8.212025804623437
359,0,1,3,1,0,200.0,1.0,1,1,5.298317366548036,8334.0,9.0280988119824,19.62,2.976549454137217,6372.0,8.759668671029939
360,1,0,1,1,0,81.0,1.0,1,0,4.394449154672439,4723.0,8.460199469896118,7.946100000000001,2.0726812422616194,3928.39,8.275984951714754
361,0,1,2,1,0,236.0,1.0,1,1,5.4638318050256105,8667.0,9.067277989134345,23.1516,3.1420638926147904,6351.84,8.75649981369285
362,0,1,0,1,0,130.0,1.0,2,1,4.867534450455582,7083.0,8.865452825753623,12.753,2.545766538044763,5807.7,8.666939902278013
363,0,1,0,1,0,95.0,1.0,2,1,4.553876891600541,6046.0,8.707152175339404,9.319500000000001,2.2321089791897215,5114.05,8.539746932885855
364,0,0,0,1,1,141.0,1.0,0,1,4.948759890378168,6822.0,8.82790796297859,13.8321,2.6269919779673487,5438.79,8.601311888638964
365,0,0,0,0,0,133.0,1.0,0,0,4.890349128221754,6216.0,8.734881892047483,13.047299999999998,2.568581215810934,4911.27,8.499287843147401
366,0,0,0,1,0,96.0,1.0,1,0,4.564348191467836,2500.0,7.824046010856292,9.417600000000002,2.242580279057017,1558.2399999999998,7.351312258212889
367,0,0,0,1,0,124.0,0.0,0,0,4.820281565605037,5124.0,8.541690663016626,12.164400000000002,2.4985136531942174,3907.5599999999995,8.270668417264115
368,0,1,1,1,0,175.0,1.0,1,1,5.1647859739235145,6325.0,8.752265313595721,17.1675,2.8430180615126943,4608.25,8.435603454376283
369,0,1,0,1,0,570.0,1.0,0,0,6.345636360828596,24996.0,10.126471091048971,55.917,4.023868448417776,19404.3,9.873249969975337
370,1,0,0,1,1,55.0,1.0,1,1,4.007333185232471,15759.0,9.665166909622071,5.395500000000001,1.6855652728216515,15219.45,9.630329494100446
371,0,1,2,1,0,155.0,1.0,1,1,5.043425116919247,5185.0,8.553525120663627,15.205499999999999,2.721657204508427,3664.45,8.206433534846568
372,0,1,2,1,1,380.0,1.0,0,1,5.940171252720432,17196.0,9.752432077616172,37.278000000000006,3.618403340309612,13468.199999999999,9.508086630185554
373,0,0,1,1,0,111.0,0.0,2,0,4.709530201312334,5049.0,8.526945482858915,10.889100000000001,2.3877622889015147,3960.09,8.284022031262992
374,1,0,0,1,0,110.0,1.0,2,1,4.700480365792417,4223.0,8.348301054933943,10.791000000000002,2.378712453381597,3143.8999999999996,8.053219346427479
375,0,1,0,1,0,120.0,1.0,2,1,4.787491742782046,5740.0,8.655214489313613,11.771999999999998,2.465723830371226,4562.8,8.425691749153742
376,0,1,3,1,0,130.0,1.0,0,1,4.867534450455582,13746.0,9.52850315168155,12.753,2.545766538044763,12470.7,9.431137171821923
377,0,1,0,1,0,130.0,1.0,1,1,4.867534450455582,4310.0,8.368693183097793,12.753,2.545766538044763,3034.7,8.017867851820453
378,0,0,0,1,0,71.0,1.0,2,0,4.2626798770413155,3069.0,8.029107054619736,6.9651000000000005,1.9409119646304958,2372.49,7.771695315512081
379,0,1,2,1,0,130.0,1.0,2,1,4.867534450455582,5391.0,8.592486175451668,12.753,2.545766538044763,4115.7,8.322564208000228
380,0,1,0,1,0,128.0,1.0,1,1,4.852030263919617,5833.0,8.671286726753637,12.5568,2.5302623515087976,4577.32,8.428868953001064
381,0,0,0,1,0,296.0,1.0,1,1,5.69035945432406,10173.0,9.227492430793749,29.0376,3.368591541913241,7269.24,8.891407025860762
382,1,0,0,1,0,156.0,1.0,2,1,5.049856007249537,6000.0,8.699514748210191,15.3036,2.7280880948387174,4469.64,8.405063147451592
383,0,0,0,1,1,128.0,1.0,2,1,4.852030263919617,7167.0,8.877242435993919,12.5568,2.5302623515087976,5911.32,8.684624435714996
384,0,1,2,1,0,100.0,1.0,2,0,4.605170185988092,4566.0,8.42639282708974,9.81,2.2834022735772717,3585.0,8.184513753033722
385,0,0,1,1,0,113.0,1.0,2,1,4.727387818712341,3667.0,8.207129168071326,11.0853,2.405619906301521,2558.4700000000003,7.84716470255592
386,0,0,0,0,0,132.0,1.0,1,1,4.882801922586371,3946.0,8.28045768658256,12.9492,2.5610340101755513,2651.08,7.882722383125288
387,0,1,0,0,0,128.0,0.0,2,0,4.852030263919617,6146.0,8.72355674269043,12.5568,2.5302623515087976,4890.32,8.495013020000638
388,0,1,0,1,0,136.0,1.0,2,1,4.912654885736052,4750.0,8.465899897028686,13.3416,2.590886973325232,3415.84,8.136178715404014
389,0,1,0,1,0,125.0,1.0,0,1,4.8283137373023015,5488.0,8.610319169405722,12.262500000000001,2.5065458248914814,4261.75,8.357435153031034
390,0,0,3,1,0,185.0,1.0,0,1,5.220355825078324,9167.0,9.123365357961776,18.1485,2.898587912667505,7352.15,8.902748066438926
391,0,1,3,1,0,275.0,1.0,0,1,5.616771097666572,9504.0,9.159468041602427,26.9775,3.2950031852557515,6806.25,8.82559658668127
392,0,1,0,1,0,120.0,1.0,2,1,4.787491742782046,4698.0,8.454892165218858,11.772,2.4657238303712266,3520.8,8.166443515496882
393,0,1,2,0,0,113.0,1.0,1,1,4.727387818712341,3618.0,8.193676665955241,11.0853,2.405619906301521,2509.4700000000003,7.827826854450908
394,0,1,2,1,0,113.0,1.0,2,1,4.727387818712341,4500.0,8.411832675758411,11.0853,2.405619906301521,3391.4700000000003,8.129018734703491
395,0,1,2,1,0,135.0,1.0,1,1,4.90527477843843,3760.0,8.23217423638394,13.243500000000001,2.58350686602761,2435.6499999999996,7.7979689403461725
396,1,0,0,1,0,71.0,0.0,2,0,4.2626798770413155,3180.0,8.064636475774222,6.9651000000000005,1.9409119646304958,2483.49,7.817420107963901
397,0,1,0,1,0,95.0,1.0,2,1,4.553876891600541,4492.0,8.410053315858335,9.3195,2.232108979189721,3560.05,8.177529868691266
398,0,0,0,0,0,109.0,1.0,0,1,4.6913478822291435,5568.0,8.624791202014256,10.692900000000002,2.369579969818324,4498.71,8.411545967995002
399,1,0,0,1,0,103.0,0.0,1,0,4.634728988229636,3300.0,8.101677747454572,10.1043,2.312961075818816,2289.5699999999997,7.736119305990978
400,0,1,2,0,0,45.0,0.0,2,0,3.8066624897703196,2889.0,7.968665700466235,4.414499999999999,1.4848945773595,2447.55,7.8028428032051895
401,0,0,0,0,0,65.0,1.0,0,0,4.174387269895637,2755.0,7.9211727215870145,6.376500000000001,1.8526193574848175,2117.35,7.657920585764406
402,0,0,0,1,0,103.0,1.0,1,1,4.634728988229636,22500.0,10.021270588192511,10.1043,2.312961075818816,21489.57,9.975322980129713
403,1,0,0,0,0,53.0,1.0,1,1,3.970291913552122,1963.0,7.5822291942764615,5.1993,1.6485240011413023,1443.0700000000002,7.274528067645806
404,1,0,0,1,1,194.0,1.0,0,0,5.267858159063328,7441.0,8.914760527397261,19.0314,2.9460902466525085,5537.86,8.61936342352693
405,1,0,0,1,0,115.0,1.0,1,1,4.74493212836325,4547.0,8.42222295382501,11.2815,2.4231642159524305,3418.8500000000004,8.137059516199544
406,0,1,0,0,0,115.0,1.0,2,1,4.74493212836325,4567.0,8.426611813185,11.2815,2.4231642159524305,3438.8500000000004,8.142892392150383
407,1,0,0,0,0,66.0,1.0,0,1,4.189654742026425,2213.0,7.70210434005105,6.4746,1.867886829615606,1565.54,7.355986091382231
408,0,1,1,1,0,152.0,0.0,1,0,5.0238805208462765,8300.0,9.02401079378469,14.911200000000001,2.7021126084354568,6808.88,8.825982921594372
409,0,1,3,1,0,360.0,0.0,0,0,5.886104031450156,81000.0,11.302204433654575,35.316,3.564336119039336,77468.4,11.257625390256608
410,1,0,1,0,1,62.0,1.0,1,0,4.127134385045092,3867.0,8.260234291607297,6.082200000000001,1.8053664726342722,3258.7799999999997,8.089108171189226
411,0,1,0,1,0,160.0,1.0,2,1,5.075173815233827,6256.0,8.741296282225147,15.696,2.7534059028230073,4686.4,8.452419976073468
412,0,1,0,0,0,218.0,0.0,0,0,5.384495062789089,6096.0,8.715388097366482,21.385800000000003,3.0627271503782696,3957.4199999999996,8.283347576768787
413,0,1,0,0,0,110.0,1.0,0,1,4.700480365792417,4286.0,8.363109176033522,10.791000000000002,2.378712453381597,3206.8999999999996,8.073060017417157
414,1,1,0,0,0,178.0,0.0,1,0,5.181783550292085,5386.0,8.591558273371545,17.4618,2.8600156378812653,3639.8199999999997,8.199689508858617
415,1,0,0,1,0,60.0,1.0,2,1,4.0943445622221,2995.0,8.00469951054955,5.886,1.7725766498112812,2406.4,7.785887133755521
416,1,0,1,1,0,160.0,1.0,2,0,5.075173815233827,2600.0,7.8632667240095735,15.696,2.7534059028230073,1030.4,6.93770235535009
417,0,1,2,1,1,239.0,1.0,2,0,5.476463551931511,21600.0,9.980448593672257,23.4459,3.154695639520691,19255.41,9.865547339192918
418,0,1,0,1,0,112.0,1.0,0,1,4.718498871295094,3798.0,8.242229891372231,10.987200000000001,2.396730958884275,2699.2799999999997,7.9007403497638755
419,0,1,0,1,0,138.0,1.0,1,1,4.927253685157205,4663.0,8.44741429680832,13.537799999999999,2.605485772746385,3309.2200000000003,8.104467791054564
420,0,1,0,1,0,138.0,1.0,0,1,4.927253685157205,5829.0,8.67060073804555,13.537799999999999,2.605485772746385,4475.22,8.406310791511716
421,1,0,0,0,0,80.0,0.0,2,0,4.382026634673881,2720.0,7.908387159290043,7.848,2.060258722263062,1935.2,7.567965959295818
422,0,1,0,1,0,100.0,1.0,2,1,4.605170185988092,3539.0,8.171599480345463,9.81,2.2834022735772717,2558.0,7.846980982138788
423,0,1,1,1,0,110.0,0.0,2,0,4.700480365792417,8917.0,9.095714846134879,10.791000000000002,2.378712453381597,7837.9,8.966726220321464
424,0,1,0,1,0,96.0,1.0,1,1,4.564348191467836,14880.0,9.607773308387083,9.4176,2.2425802790570164,13938.24,9.542391420963433
425,0,1,0,1,0,121.0,1.0,0,1,4.795790545596741,6966.0,8.848796450925947,11.8701,2.4740226331859216,5778.99,8.661984205913097
426,1,0,1,0,0,81.0,1.0,0,0,4.394449154672439,4606.0,8.43511508038063,7.946100000000001,2.0726812422616194,3811.39,8.24574923098301
427,0,1,2,1,0,133.0,1.0,1,1,4.890349128221754,5935.0,8.688622307043769,13.047299999999998,2.568581215810934,4630.27,8.44037046071478
428,0,1,0,1,0,87.0,1.0,0,1,4.465908118654584,2936.12000084,7.984844261119869,8.5347,2.144140206243764,2082.65000084,7.641396400661904
429,0,0,0,0,0,60.0,1.0,2,1,4.0943445622221,2717.0,7.907283609426348,5.885999999999999,1.772576649811281,2128.4,7.663125802722214
430,1,0,1,1,1,150.0,1.0,1,1,5.0106352940962555,8624.0,9.06230429314878,14.715,2.6888673816854363,7152.5,8.875217224924265
431,0,0,0,1,0,105.0,0.0,0,0,4.653960350157523,6500.0,8.779557455883728,10.3005,2.332192437746704,5469.95,8.607024754606424
432,0,0,0,1,0,405.0,1.0,1,1,6.003887067106539,12876.0,9.463120392418698,39.7305,3.6821191546957195,8902.95,9.094137961473436
433,0,1,0,1,0,143.0,1.0,1,1,4.962844630259907,4765.0,8.469052816088302,14.0283,2.6410767178490877,3362.17,8.120341877829985
434,0,0,0,1,0,100.0,1.0,2,1,4.605170185988092,3750.0,8.229511118964457,9.81,2.2834022735772717,2769.0,7.926241523170962
435,1,1,0,1,0,128.0,1.0,1,1,4.852030263919617,10047.0,9.215029361462314,12.5568,2.5302623515087976,8791.32,9.081520150053203
436,0,0,0,1,0,50.0,1.0,1,1,3.912023005428146,3777.0,8.236685322712457,4.905,1.5902550930173265,3286.5,8.097578447703631
437,0,1,0,1,0,128.0,1.0,2,1,4.852030263919617,3338.0,8.11312710422178,12.5568,2.5302623515087976,2082.3199999999997,7.6412379357314855
438,0,0,0,1,1,187.0,0.0,2,0,5.231108616854587,10416.0,9.251098364448351,18.3447,2.909340704443767,8581.53,9.05736749826291
439,1,1,0,0,1,138.0,1.0,0,1,4.927253685157205,7142.0,8.873748128154395,13.537799999999999,2.605485772746385,5788.22,8.663580096704216
440,0,0,0,1,0,187.0,1.0,1,1,5.231108616854587,8724.0,9.07383312732152,18.3447,2.909340704443767,6889.53,8.837758146876904
441,0,1,0,1,0,180.0,1.0,0,1,5.19295685089021,9734.0,9.1833801903934,17.658,2.8711889384793907,7968.2,8.98321389935103
442,0,0,3,0,0,148.0,1.0,1,1,4.997212273764115,6700.0,8.809862805379057,14.5188,2.6754443613532954,5248.12,8.565625196216164
443,0,0,1,1,0,152.0,1.0,1,1,5.0238805208462765,37719.0,10.537919225261291,14.911200000000001,2.7021126084354568,36227.88,10.497584267134268
444,0,1,0,1,0,175.0,1.0,0,1,5.1647859739235145,15666.0,9.659248037927183,17.1675,2.8430180615126943,13949.25,9.543181022363346
445,0,1,1,1,1,130.0,1.0,0,1,4.867534450455582,4676.0,8.450198322591959,12.753,2.545766538044763,3400.7,8.13173657176633
446,0,1,2,0,0,110.0,1.0,0,1,4.700480365792417,4652.0,8.445052513638554,10.791000000000002,2.378712453381597,3572.8999999999996,8.181132869946328
447,0,1,0,1,0,55.0,1.0,0,0,4.007333185232471,4915.0,8.500047032581268,5.395500000000001,1.6855652728216515,4375.45,8.383764650645139
448,0,1,2,1,0,150.0,0.0,0,0,5.0106352940962555,5050.0,8.527143522269405,14.715,2.6888673816854363,3578.5,8.182698997178653
449,0,0,1,0,1,190.0,1.0,1,0,5.247024072160486,4311.0,8.368925174747135,18.639,2.9252561597496665,2447.1000000000004,7.802658928974645
450,0,1,2,0,0,125.0,0.0,0,0,4.8283137373023015,3564.0,8.1786387885907,12.262500000000001,2.5065458248914814,2337.75,7.756944207315557
451,0,1,2,0,0,60.0,1.0,2,1,4.0943445622221,3414.0,8.135639903354386,5.886,1.7725766498112812,2825.4,7.946405226477564
452,0,1,0,1,0,149.0,0.0,0,0,5.003946305945459,5681.0,8.644882552557126,14.616900000000001,2.6821783935346395,4219.3099999999995,8.347426886552308
453,0,1,0,1,0,90.0,0.0,0,1,4.499809670330265,4949.0,8.506940814951886,8.828999999999999,2.1780417579194453,4066.1000000000004,8.31043958808163
454,0,0,0,1,1,84.0,1.0,1,1,4.430816798843313,7085.0,8.865735152124781,8.2404,2.1090488864324937,6260.96,8.742088806969113
455,0,1,2,1,0,96.0,1.0,1,1,4.564348191467836,3859.0,8.258163361537619,9.4176,2.2425802790570164,2917.24,7.97839324279449
456,0,1,0,1,0,118.0,1.0,2,1,4.770684624465665,4301.0,8.366602832783736,11.5758,2.448916712054845,3143.42,8.053066658159368
457,0,1,0,1,0,173.0,1.0,2,0,5.153291594497779,6277.0,8.744647438317532,16.9713,2.831523682086959,4579.87,8.429425892425913
458,0,0,2,1,0,136.0,1.0,0,1,4.912654885736052,4354.0,8.378850241794492,13.3416,2.590886973325232,3019.84,8.012959128832968
459,0,1,0,1,0,160.0,1.0,1,0,5.075173815233827,8334.0,9.0280988119824,15.696,2.7534059028230073,6764.4,8.81942884487553
460,0,1,0,1,1,160.0,1.0,1,1,5.075173815233827,6166.0,8.726805608446096,15.696,2.7534059028230073,4596.4,8.433028667383478
461,0,1,3,1,0,128.0,1.0,2,1,4.852030263919617,7740.0,8.954156966583772,12.556799999999999,2.5302623515087976,6484.32,8.777142233889482
462,0,1,0,1,0,153.0,1.0,0,1,5.030437921392435,5203.0,8.556990661290303,15.0093,2.7086700089816156,3702.0699999999997,8.216647401652677
463,1,0,1,0,0,132.0,1.0,1,1,4.882801922586371,5191.0,8.55468163582723,12.9492,2.5610340101755513,3896.08,8.267726198432513
464,0,0,0,1,0,98.0,0.0,1,0,4.584967478670572,4166.0,8.334711621820917,9.6138,2.263199566259752,3204.62,8.072348797582826
465,0,0,0,1,0,140.0,1.0,0,1,4.941642422609304,6000.0,8.699514748210191,13.734000000000002,2.6198745101984846,4626.6,8.43957753606697
466,0,1,3,0,0,70.0,0.0,2,0,4.248495242049359,4611.0,8.436200032206706,6.867000000000001,1.9267273296385394,3924.3,8.274943270362291
467,0,1,0,1,0,110.0,1.0,1,1,4.700480365792417,16692.0,9.722684841711443,10.791000000000002,2.378712453381597,15612.9,9.655852774602032
468,1,1,2,0,0,98.0,1.0,1,1,4.584967478670572,3127.0,8.047829357457841,9.6138,2.263199566259752,2165.62,7.680461973573294
469,0,1,0,1,0,110.0,1.0,2,0,4.700480365792417,6784.0,8.822322177471738,10.791000000000002,2.378712453381597,5704.9,8.649080733658764
470,0,1,1,1,1,162.0,1.0,1,1,5.087596335232384,5529.0,8.617762246337932,15.892200000000003,2.7658284228215644,3939.7799999999997,8.278880163169553
471,0,1,1,0,0,113.0,0.0,0,0,4.727387818712341,4153.0,8.331586243630754,11.0853,2.405619906301521,3044.4700000000003,8.021082109165295
472,0,1,3,1,0,100.0,1.0,1,1,4.605170185988092,4691.0,8.453401058328458,9.81,2.2834022735772717,3710.0,8.21878715560148
473,1,0,0,1,1,93.0,1.0,2,1,4.532599493153256,2500.0,7.824046010856292,9.1233,2.210831580742436,1587.67,7.370022811647658
474,0,0,2,1,0,162.0,1.0,0,1,5.087596335232384,10180.0,9.228180290104513,15.892200000000003,2.7658284228215644,8590.779999999999,9.05844481411554
475,0,1,2,1,1,150.0,1.0,0,1,5.0106352940962555,17539.0,9.772182251758139,14.715,2.6888673816854363,16067.5,9.684553877245442
476,0,1,2,1,0,230.0,1.0,1,1,5.438079308923196,8450.0,9.041921720351219,22.563000000000002,3.116311396512376,6193.7,8.731287925391829
477,0,1,2,1,0,132.0,0.0,1,0,4.882801922586371,4745.0,8.464846711044029,12.9492,2.5610340101755513,3450.08,8.146152698162355
478,0,1,1,1,1,86.0,1.0,1,1,4.454347296253507,18917.0,9.847816267665664,8.436599999999999,2.132579383842688,18073.34,9.802193203252056
479,0,1,2,1,0,128.0,1.0,2,0,4.852030263919617,4550.0,8.422882511944996,12.5568,2.5302623515087976,3294.3199999999997,8.099955052345841
480,1,0,0,0,0,154.0,1.0,0,1,5.0369526024136295,4350.0,8.37793112408273,15.1074,2.7151846900028094,2839.26,7.951298733822434
481,0,1,3,0,0,113.0,1.0,0,1,4.727387818712341,3095.0,8.037543185118697,11.0853,2.405619906301521,1986.47,7.594114473202536
482,0,1,0,1,0,128.0,1.0,1,1,4.852030263919617,5233.0,8.562740006372207,12.5568,2.5302623515087976,3977.3199999999997,8.288363504631041
483,0,1,0,1,0,234.0,1.0,1,1,5.455321115357702,10833.0,9.290352309945568,22.955399999999997,3.1335532029468816,8537.46,9.05221881865577
484,0,1,2,1,0,246.0,1.0,1,1,5.5053315359323625,8333.0,9.027978814382207,24.132600000000004,3.183563623521543,5919.74,8.686047807994669
485,0,1,1,0,0,131.0,1.0,0,1,4.875197323201151,4394.0,8.387995252944556,12.851099999999999,2.553429410790332,3108.8900000000003,8.042021028281331
486,0,0,2,1,0,80.0,0.0,0,0,4.382026634673881,3547.0,8.173857454773621,7.848,2.060258722263062,2762.2,7.923782742643828
487,0,1,1,1,0,500.0,1.0,2,0,6.214608098422191,18333.0,9.816457993563025,49.050000000000004,3.892840186011372,13428.0,9.505097358099926
488,0,1,2,1,1,160.0,1.0,1,1,5.075173815233827,6666.0,8.804775258867686,15.696,2.7534059028230073,5096.4,8.536289687107226
489,0,0,0,1,0,75.0,1.0,2,0,4.31748811353631,2435.0,7.79770203551669,7.3575,1.9957202011254909,1699.25,7.437942256226748
490,0,0,0,0,0,96.0,1.0,1,1,4.564348191467836,5484.0,8.609590040682205,9.4176,2.2425802790570164,4542.24,8.421175561428033
491,0,1,1,0,0,186.0,1.0,2,1,5.225746673713202,6464.0,8.774003600200931,18.2466,2.9039787613023815,4639.34,8.442327393723726
492,0,0,0,0,0,110.0,1.0,0,1,4.700480365792417,3691.0,8.213652703029998,10.791000000000002,2.378712453381597,2611.8999999999996,7.867833204824235
493,1,0,0,0,1,225.0,1.0,1,1,5.41610040220442,17263.0,9.756320761816548,22.0725,3.0943324897936004,15055.75,9.619515257011425
494,0,1,0,1,0,119.0,0.0,0,0,4.77912349311153,5754.0,8.657650544111494,11.673899999999998,2.4573555807007095,4586.610000000001,8.430896468091744
495,1,1,1,1,0,105.0,1.0,1,1,4.653960350157523,4239.0,8.352082671352637,10.300500000000001,2.332192437746704,3208.95,8.073699059810531
496,0,1,0,0,0,107.0,1.0,0,1,4.672828834461906,4300.0,8.366370301681654,10.4967,2.3510609220510865,3250.33,8.086511808630641
497,0,1,0,1,0,111.0,1.0,2,1,4.709530201312334,7482.0,8.920255414908091,10.889100000000001,2.3877622889015147,6393.09,8.762972998565335
498,0,1,1,1,1,95.0,1.0,1,1,4.553876891600541,2895.0,7.970740390007095,9.3195,2.232108979189721,1963.0500000000002,7.582254665169599
499,0,0,0,1,0,209.0,0.0,0,0,5.342334251964811,10699.0,9.277905558138606,20.5029,3.0205663395539912,8648.71,9.065165455856524
500,1,0,0,1,0,113.0,1.0,0,1,4.727387818712341,4328.0,8.372860820526318,11.085300000000002,2.405619906301521,3219.47,8.076972028717709
501,1,0,0,1,0,100.0,1.0,1,1,4.605170185988092,3159.0,8.058010800802085,9.81,2.2834022735772717,2178.0,7.686162303492906
502,0,1,2,1,0,208.0,1.0,1,1,5.337538079701318,10489.0,9.258082367961604,20.404799999999998,3.015770167290498,8448.52,9.041746557082035
503,0,1,1,0,0,138.0,1.0,0,0,4.927253685157205,9352.0,9.143345503151904,13.537799999999999,2.605485772746385,7998.22,8.986974295905176
504,0,1,0,0,0,124.0,1.0,1,1,4.820281565605037,5297.0,8.574895901544526,12.164400000000002,2.4985136531942174,4080.5599999999995,8.313989512881577
505,0,1,2,1,0,243.0,1.0,0,1,5.493061443340548,7926.0,8.97790377375038,23.8383,3.171293530929729,5542.17,8.620141399799087
506,0,1,0,1,0,480.0,1.0,2,1,6.173786103901937,27500.0,10.221941283654663,47.088,3.852018191491117,22791.2,10.034129775526624
507,0,0,0,1,0,96.0,1.0,2,0,4.564348191467836,3583.0,8.183955717304954,9.4176,2.2425802790570164,2641.24,7.879003782836966
508,0,1,0,1,1,188.0,1.0,2,1,5.236441962829949,5492.0,8.61104776688786,18.4428,2.9146740504191295,3647.7200000000003,8.201857593862488
509,1,0,1,1,0,40.0,1.0,2,1,3.6888794541139363,13262.0,9.492658081928813,3.924,1.3671115417031166,12869.6,9.462623220076098
510,0,0,0,0,0,100.0,1.0,0,0,4.605170185988092,4885.0,8.493924564476883,9.81,2.2834022735772717,3904.0,8.269756947532983
511,0,1,1,1,0,250.0,1.0,1,1,5.521460917862246,8069.0,8.995784837848506,24.525000000000002,3.1996930054514268,5616.5,8.633463973081623
512,0,1,2,1,0,148.0,1.0,2,1,4.997212273764115,5318.0,8.578852571802965,14.5188,2.6754443613532954,3866.12,8.260006699121005
513,0,1,0,1,0,70.0,1.0,1,0,4.248495242049359,8796.0,9.082052351674651,6.867000000000001,1.9267273296385394,8109.3,9.000766830190672
514,0,0,0,1,0,311.0,1.0,0,0,5.739792912179234,9481.0,9.15704507491796,30.509099999999997,3.4180249997684142,6430.09,8.76874381402329
515,0,1,3,1,0,150.0,1.0,0,1,5.0106352940962555,6894.0,8.83840674707681,14.715,2.6888673816854363,5422.5,8.598312242701029
516,1,1,2,1,0,113.0,1.0,1,1,4.727387818712341,3663.0,8.206037762778815,11.085300000000002,2.405619906301521,2554.47,7.8456000447206815
517,0,1,0,0,0,123.0,0.0,1,0,4.812184355372417,4874.0,8.491670234185152,12.066300000000002,2.490416442961598,3667.37,8.20723006289946
518,0,0,0,1,0,185.0,1.0,1,0,5.220355825078324,6598.0,8.794521851788527,18.1485,2.898587912667505,4783.15,8.472854604259007
519,1,0,0,0,0,95.0,1.0,0,0,4.553876891600541,3400.0,8.131530710604252,9.3195,2.232108979189721,2468.05,7.811183644139348
520,0,1,2,0,0,45.0,1.0,1,1,3.8066624897703196,3934.0,8.277411998949004,4.4145,1.4848945773595001,3492.55,8.158387407420907
521,0,0,0,1,0,55.0,1.0,1,1,4.007333185232471,2500.0,7.824046010856292,5.395500000000001,1.6855652728216515,1960.4499999999998,7.580929317709125
522,0,1,3,1,1,100.0,1.0,0,1,4.605170185988092,7101.0,8.867990898182093,9.81,2.2834022735772717,6120.0,8.719317375506371
523,0,1,2,1,1,480.0,1.0,0,1,6.173786103901937,15114.0,9.623376745580666,47.088,3.852018191491117,10405.2,9.250060960171115
524,0,0,0,1,0,128.0,1.0,1,0,4.852030263919617,6767.0,8.819813136232225,12.5568,2.5302623515087976,5511.32,8.614559437884298
525,0,1,2,1,1,400.0,1.0,0,1,5.991464547107982,17500.0,9.769956159911606,39.24,3.6696966346971625,13576.0,9.516058806914062
526,0,1,0,1,0,110.0,1.0,1,1,4.700480365792417,3775.0,8.236155661683124,10.791000000000002,2.378712453381597,2695.8999999999996,7.899487379356142
527,0,1,1,0,0,161.0,0.0,1,1,5.081404364984463,6715.0,8.812099108957337,15.794100000000002,2.7596364525736434,5135.59,8.543950013522885
528,0,0,1,0,0,94.0,1.0,1,1,4.543294782270004,3981.0,8.289288323000317,9.2214,2.221526869859184,3058.86,8.025797576513192
529,0,0,0,0,0,130.0,1.0,1,1,4.867534450455582,6783.0,8.82217476094608,12.753,2.545766538044763,5507.7,8.61390239213427
530,0,1,0,1,0,216.0,1.0,0,1,5.375278407684165,6525.0,8.783396232190894,21.1896,3.053510495273345,4406.04,8.390731605850357
531,0,1,3,1,0,100.0,1.0,2,1,4.605170185988092,4281.0,8.361941906144946,9.81,2.2834022735772717,3300.0,8.101677747454572
532,0,0,2,1,0,110.0,0.0,0,0,4.700480365792417,3588.0,8.185350223178686,10.791000000000002,2.378712453381597,2508.8999999999996,7.82759968905559
533,0,0,1,1,0,196.0,1.0,1,0,5.278114659230517,11250.0,9.328123407632566,19.2276,2.9563467468196976,9327.24,9.14069443014235
534,1,0,0,0,1,125.0,1.0,2,1,4.8283137373023015,18165.0,9.807251944655302,12.262500000000001,2.5065458248914814,16938.75,9.737359175636923
535,0,0,0,0,0,126.0,1.0,0,1,4.836281906951478,4592.0,8.432070937999402,12.360600000000002,2.5145139945406583,3355.9399999999996,8.118487189000577
536,0,1,0,1,0,324.0,1.0,2,1,5.780743515792329,10039.0,9.214232786691527,31.784400000000005,3.45897560338151,6860.5599999999995,8.833544350041228
537,0,0,2,1,0,107.0,1.0,1,1,4.672828834461906,3617.0,8.193400231952097,10.4967,2.3510609220510865,2567.33,7.85062172734184
538,0,1,0,0,0,66.0,1.0,0,0,4.189654742026425,3453.0,8.146998697389993,6.4746,1.867886829615606,2805.54,7.93935131279746
539,0,1,3,1,0,157.0,1.0,0,1,5.056245805348308,6417.0,8.766705997750515,15.401699999999998,2.7344778929374884,4876.83,8.492250697608155
540,1,1,1,1,0,140.0,1.0,1,1,4.941642422609304,7453.0,8.916371914881694,13.734000000000002,2.6198745101984846,6079.6,8.712694183322306
541,1,0,0,1,0,99.0,0.0,1,0,4.59511985013459,2138.0,7.6676260915849905,9.711900000000002,2.2733519377237705,1166.81,7.062028808405932
542,1,0,1,1,0,95.0,1.0,1,1,4.553876891600541,3652.0,8.20303024171486,9.3195,2.232108979189721,2720.05,7.908405541474031
543,0,1,1,0,0,128.0,1.0,2,1,4.852030263919617,4763.0,8.46863300080086,12.5568,2.5302623515087976,3507.3199999999997,8.162607492056777
544,1,1,0,0,0,102.0,1.0,1,1,4.624972813284271,3680.0,8.210668031162976,10.0062,2.3032049008734514,2679.38,7.893340703457335
545,0,1,0,1,0,155.0,1.0,0,1,5.043425116919247,4718.0,8.45914025996762,15.205499999999999,2.721657204508427,3197.45,8.07010889611416
546,0,0,0,0,0,80.0,1.0,1,0,4.382026634673881,3358.0,8.119100837637486,7.847999999999998,2.0602587222630615,2573.2000000000003,7.852905539536845
547,0,0,0,1,0,145.0,1.0,0,1,4.976733742420574,4309.0,8.368461137615839,14.224499999999999,2.6549658300097545,2886.55,7.9678172963672464
548,1,0,0,1,0,103.0,0.0,1,0,4.634728988229636,5000.0,8.517193191416238,10.1043,2.312961075818816,3989.5699999999997,8.29143873465281
549,0,1,0,1,0,110.0,1.0,0,1,4.700480365792417,4801.0,8.476579508530941,10.791000000000002,2.378712453381597,3721.8999999999996,8.221989569565606
550,0,1,2,1,1,128.0,0.0,0,0,4.852030263919617,6633.0,8.799812469525556,12.5568,2.5302623515087976,5377.32,8.589945387778311
551,0,1,1,0,0,128.0,1.0,0,1,4.852030263919617,4867.0,8.490233009833455,12.5568,2.5302623515087976,3611.3199999999997,8.191828635462432
552,0,1,1,1,0,158.0,1.0,2,1,5.062595033026967,6583.0,8.792245847467877,15.4998,2.740827120616147,5033.02,8.523775480541563
553,0,1,0,0,0,181.0,0.0,2,0,5.198497031265826,4787.0,8.473659189392508,17.7561,2.876729118855006,3011.3900000000003,8.010157045168812
554,0,1,0,1,0,132.0,0.0,0,0,4.882801922586371,7859.0,8.969414650866176,12.9492,2.5610340101755513,6564.08,8.789367639826144
555,0,1,1,1,0,26.0,1.0,1,1,3.258096538021482,6500.0,8.779557455883728,2.5505999999999998,0.9363286256106623,6244.94,8.739526814827375
556,1,0,0,1,0,84.0,1.0,2,1,4.430816798843313,4292.0,8.36450810375059,8.2404,2.1090488864324937,3467.96,8.15132180380854
557,0,1,3,1,1,260.0,1.0,1,1,5.560681631015528,10139.0,9.22414465295258,25.506,3.238913718604708,7588.4,8.934376044478391
558,0,1,0,1,0,162.0,1.0,1,1,5.087596335232384,6556.0,8.78813593986372,15.892200000000003,2.7658284228215644,4966.78,8.510527021797042
559,1,1,0,1,0,182.0,1.0,1,1,5.204006687076795,6486.0,8.777401286867264,17.8542,2.8822387746659754,4700.58,8.45544118433979
560,0,1,2,0,0,108.0,1.0,1,1,4.68213122712422,3917.0,8.27308133366583,10.5948,2.3603633147133998,2857.52,7.957709394769581
561,1,1,1,1,1,600.0,1.0,1,1,6.396929655216146,19484.0,9.877348894926433,58.86,4.075161742805327,13598.0,9.517678002086406
562,0,1,0,1,0,211.0,1.0,0,1,5.351858133476067,7977.0,8.984317679911129,20.6991,3.030090221065247,5907.09,8.683908603351654
563,0,0,0,0,1,132.0,1.0,1,1,4.882801922586371,5800.0,8.66561319653451,12.9492,2.5610340101755513,4505.08,8.412960927931382
564,0,1,2,1,0,258.0,0.0,2,0,5.552959584921617,8799.0,9.08239335764556,25.3098,3.2311916725107976,6268.02,8.743215794281287
565,0,1,0,0,0,120.0,1.0,0,1,4.787491742782046,4467.0,8.404472321352118,11.772,2.4657238303712266,3289.8,8.098582051638058
566,0,0,0,1,0,70.0,1.0,2,1,4.248495242049359,3333.0,8.11162807830774,6.867000000000001,1.9267273296385394,2646.3,7.880917716932831
567,0,1,3,1,0,123.0,0.0,0,0,4.812184355372417,5900.0,8.68270762989381,12.066300000000002,2.490416442961598,4693.37,8.453906153513406
568,1,0,0,1,0,9.0,1.0,2,0,2.1972245773362196,2378.0,7.774015077250727,0.8829,-0.12454333507460025,2289.71,7.736180450974488
569,0,1,0,1,0,104.0,0.0,2,0,4.6443908991413725,5230.0,8.56216655705897,10.202399999999999,2.322622986730553,4209.76,8.345160917925568
570,0,1,1,1,0,186.0,1.0,2,1,5.225746673713202,5167.0,8.550047528287184,18.2466,2.9039787613023815,3342.34,8.114426439468367
571,0,1,0,1,0,165.0,0.0,2,0,5.10594547390058,6567.0,8.789812386190972,16.186500000000002,2.784177561489761,4948.349999999999,8.506809466661498
572,0,1,2,1,0,275.0,1.0,2,1,5.616771097666572,16666.0,9.721125994942152,26.9775,3.2950031852557515,13968.25,9.544542175971907
573,0,1,2,0,0,187.0,1.0,1,0,5.231108616854587,7750.0,8.955448122347393,18.3447,2.909340704443767,5915.53,8.685336375103391
574,0,1,3,1,0,150.0,1.0,1,0,5.0106352940962555,6406.0,8.764990330169104,14.715,2.6888673816854363,4934.5,8.504006629612062
575,0,1,2,1,0,108.0,1.0,2,1,4.68213122712422,3620.0,8.194229304819817,10.5948,2.3603633147133998,2560.52,7.8479656418465185
576,0,1,0,1,0,136.0,0.0,1,0,4.912654885736052,5297.0,8.574895901544526,13.3416,2.590886973325232,3962.84,8.284716218920952
577,0,0,0,1,0,110.0,1.0,2,1,4.700480365792417,5968.0,8.694167141883597,10.791000000000002,2.378712453381597,4888.9,8.49472260828887
578,0,1,1,1,0,107.0,1.0,0,1,4.672828834461906,4014.0,8.297543529356284,10.4967,2.3510609220510865,2964.33,7.99440631625097
579,0,0,0,1,0,161.0,1.0,2,1,5.081404364984463,6099.0,8.715880102296456,15.794100000000002,2.7596364525736434,4519.59,8.41617656074746
580,0,1,2,1,0,205.0,1.0,1,1,5.3230099791384085,6540.0,8.785692444451245,20.110500000000002,3.0012420667275888,4528.95,8.418245403530602
581,0,0,0,1,0,90.0,1.0,2,0,4.499809670330265,35673.0,10.482149379105689,8.829,2.1780417579194453,34790.1,10.457088142531049
582,1,1,0,1,0,36.0,1.0,1,1,3.58351893845611,3166.0,8.060224240440958,3.5316,1.2617510260452904,2812.84,7.941949928095092
583,0,1,1,1,0,61.0,1.0,0,0,4.110873864173311,1880.0,7.539027055823995,5.9841000000000015,1.7891059517624919,1281.5899999999997,7.155856773537086
584,0,1,1,1,0,146.0,0.0,0,0,4.983606621708336,4704.0,8.456168489578463,14.3226,2.6618387092975166,3271.74,8.093077232462669
585,0,1,1,1,0,172.0,1.0,0,0,5.147494476813453,7283.0,8.893298144217916,16.8732,2.8257265644026335,5595.68,8.629750150447677
586,0,1,0,1,0,104.0,1.0,2,1,4.6443908991413725,3819.0,8.247743887225516,10.202399999999999,2.322622986730553,2798.76,7.936931740930253
587,1,0,0,0,0,70.0,1.0,1,1,4.248495242049359,2165.0,7.68017564043659,6.867000000000001,1.9267273296385394,1478.3,7.2986480579070445
588,0,0,0,1,0,94.0,1.0,1,1,4.543294782270004,4750.0,8.465899897028686,9.2214,2.221526869859184,3827.86,8.250061179281271
589,0,1,2,1,1,106.0,0.0,1,0,4.663439094112067,2726.0,7.9105906122564775,10.3986,2.3416711817012477,1686.14,7.430197171887867
590,0,1,0,1,0,56.0,1.0,1,1,4.02535169073515,6416.0,8.766550149546351,5.4936,1.7035837783243295,5866.64,8.677037346893258
591,0,1,2,1,1,205.0,1.0,1,0,5.3230099791384085,6000.0,8.699514748210191,20.110500000000002,3.0012420667275888,3988.95,8.291283317357058
592,0,0,3,1,1,292.0,1.0,1,1,5.676753802268282,9357.0,9.143880005275912,28.6452,3.354985889857462,6492.48,8.778399863054684
593,0,1,0,1,0,142.0,1.0,0,1,4.955827057601261,7159.0,8.876125585396185,13.930200000000001,2.634059145190441,5765.98,8.659730409583243
594,0,1,0,1,1,260.0,1.0,2,1,5.560681631015528,16120.0,9.68781601606062,25.506,3.238913718604708,13569.4,9.515572536670849
595,0,0,0,0,0,110.0,1.0,0,1,4.700480365792417,3833.0,8.251403065380556,10.791000000000002,2.378712453381597,2753.8999999999996,7.920773367808722
596,0,1,2,0,1,187.0,1.0,0,0,5.231108616854587,7383.0,8.906935339059165,18.3447,2.909340704443767,5548.53,8.621288306792723
597,0,0,0,1,0,88.0,0.0,1,0,4.477336814478207,2987.0,8.00202481821611,8.6328,2.1555689020673867,2123.7200000000003,7.660924546929925
598,0,1,0,1,1,180.0,1.0,0,1,5.19295685089021,9963.0,9.206633510044856,17.658,2.8711889384793907,8197.2,9.011547911525804
599,0,1,2,1,0,192.0,1.0,2,1,5.2574953720277815,5780.0,8.662158961666423,18.8352,2.935727459616962,3896.48,8.267828860458945
600,1,0,3,1,0,350.0,1.0,2,0,5.857933154483459,42083.0,10.647399137646048,34.335,3.5361652420726397,38649.5,10.562289117321281
601,0,1,0,0,0,155.0,1.0,0,1,5.043425116919247,5686.0,8.645762292210945,15.205499999999999,2.721657204508427,4165.45,8.334579591981981
602,0,1,3,1,0,128.0,1.0,2,1,4.852030263919617,5703.0,8.648747631156539,12.5568,2.5302623515087976,4447.32,8.40005694654559
603,0,0,0,1,0,172.0,1.0,0,1,5.147494476813453,7977.0,8.984317679911129,16.873199999999997,2.825726564402633,6289.68,8.746665473996524
604,1,1,1,1,0,496.0,1.0,1,1,6.206575926724928,12000.0,9.392661928770137,48.65760000000001,3.884808014314108,7134.239999999999,8.872661007068695
605,0,1,0,0,0,128.0,1.0,2,0,4.852030263919617,6200.0,8.732304571033183,12.556799999999999,2.5302623515087976,4944.32,8.505994721962054
606,0,1,1,1,0,173.0,1.0,1,1,5.153291594497779,5900.0,8.68270762989381,16.9713,2.831523682086959,4202.87,8.343522904238876
607,0,1,2,0,0,157.0,1.0,0,1,5.056245805348308,5398.0,8.59378379357795,15.401700000000002,2.7344778929374884,3857.83,8.257860128212805
608,0,1,0,1,0,108.0,1.0,0,1,4.68213122712422,5182.0,8.552946361122055,10.5948,2.3603633147133998,4122.52,8.324219905847093
609,1,0,0,1,0,71.0,1.0,0,1,4.2626798770413155,2900.0,7.9724660159745655,6.9651000000000005,1.9409119646304958,2203.49,7.697797746037117
610,0,1,3,1,0,40.0,1.0,0,1,3.6888794541139363,4106.0,8.32020459757888,3.9239999999999995,1.3671115417031166,3713.6,8.219757035520173
611,0,1,1,1,0,253.0,1.0,2,1,5.53338948872752,8312.0,9.025455532779063,24.819300000000002,3.2116215763167006,5830.07,8.67078428613352
612,0,1,2,1,0,187.0,1.0,2,1,5.231108616854587,7583.0,8.933664178700935,18.3447,2.909340704443767,5748.53,8.656699448932896
613,1,0,0,1,1,133.0,0.0,1,0,4.890349128221754,4583.0,8.430109084509125,13.047299999999998,2.568581215810934,3278.2700000000004,8.095071123208909
